id,player_name,player_last_name,player_name_en,player_last_name_en,back_number,main_position,team_id,_dlt_load_id,_dlt_id,player_role
310578,Olivier,Mbaizo,Olivier,Mbaizo,17,,9717,1709413145.183985,uCntXPuSB0TFLg,
310590,Simon,Ngapandouetnbu,Simon,Ngapandouetnbu,1,,9717,1709413145.183985,J8O0UmNGrKmZGA,
327942,Souaibou,Marou,Souaibou,Marou,26,,9717,1709413145.183985,jDFNMZmJHNeWVQ,
331049,Brady,Ngapandouetnbu,Brady,Ngapandouetnbu,1,,9717,1709413145.183985,Qoz2oM4+/BdfMA,
310573,Enzo,Ebosse,Enzo,Ebosse,24,CB,9717,1709413145.183985,zq7b48dPFsrhVA,
310576,Jean-Charles,Castelletto,Jean-Charles,Castelletto,21,CB,9717,1709413145.183985,cTyP2Gl7dw54yA,
310587,Christopher,Wooh,Christopher,Wooh,4,CB,9717,1709413145.183985,XcqmaqRalSIW/A,
310588,Nicolas,Nkoulou,Nicolas,Nkoulou,3,CB,9717,1709413145.183985,5ObX+BHC9FNynA,
310583,Vincent,Aboubakar,Vincent,Aboubakar,10,CF,9717,1709413145.183985,ufYi6L2UAxrbPQ,
327943,Eric Maxim,Choupo-Moting,Eric Maxim,Choupo-Moting,13,CF,9717,1709413145.183985,EfFcAWyQO9i2pQ,
171941,Pierre,Kunde,Pierre,Kunde,15,CM,9717,1709413145.183985,m8U4fTbMNcbebA,
171942,Andre Frank,Zambo Anguissa,Andre Frank,Zambo Anguissa,8,CM,9717,1709413145.183985,YuMCqK8Cvy5KDQ,
310574,Gael,Ondoua,Gael,Ondoua,5,CM,9717,1709413145.183985,nfkE+0Sx5ISZoA,
310577,Martin,Hongla,Martin,Hongla,18,CM,9717,1709413145.183985,r2esvS399YIIqA,
310585,Olivier,Ntcham,Olivier,Ntcham,22,CM,9717,1709413145.183985,IZSfnqkFdATNYA,
171956,Andre,Onana,Andre,Onana,23,GK,9717,1709413145.183985,PPD/sWLDePmNpg,
310579,Devis,Epassy,Devis,Epassy,16,GK,9717,1709413145.183985,qq0hfkXxBOZ4VQ,
310582,Nouhou,Tolo,Nouhou,Tolo,25,LB,9717,1709413145.183985,9ZuS8/IJlk6y5A,
171937,Nicolas Brice,Moumi Ngamaleu,Nicolas Brice,Moumi Ngamaleu,6,LW,9717,1709413145.183985,4bcletmp8QwnMQ,
171939,Karl,Toko Ekambi,Karl,Toko Ekambi,12,LW,9717,1709413145.183985,5LKgeS16hA8aNA,
310581,Jean-Pierre,Nsame,Jean-Pierre,Nsame,9,LW,9717,1709413145.183985,NvXwShfFMPDRJw,
327945,Georges-Kevin,N'Koudou,Georges-Kevin,N'Koudou,7,LW,9717,1709413145.183985,sO7irZXLyROfGw,
171951,Ngoran Suiru,Collins Fai,Ngoran Suiru,Collins Fai,19,RB,9717,1709413145.183985,dDYGrN9vkcQeNw,
310575,Bryan,Mbeumo,Bryan,Mbeumo,20,RW,9717,1709413145.183985,ZshvQPCBTAF9aA,
327944,Christian,Bassogog,Christian,Bassogog,11,RW,9717,1709413145.183985,kdQ6DUngSiIc2A,
327946,Jerome,Ngom Mbekeli,Jerome,Ngom Mbekeli,2,RW,9717,1709413145.183985,yFJ/2VMaX52DPw,
171943,Samuel Yves,Oum Gouet,Samuel Yves,Oum Gouet,14,CDM,9717,1709413145.183985,Pu+zaVLEuhnOiA,
327986,Conor,Gallagher,Conor,Gallagher,26,,3343,1709413083.361404,8mb3PPvS9hi8+A,
327987,James,Maddison,James,Maddison,25,,3343,1709413083.361404,AqK3DxH/d8eFMQ,
327989,Aaron,Ramsdale,Aaron,Ramsdale,23,,3343,1709413083.361404,wPUSoLIXe8rxDg,
327991,Ben,White,Ben,White,21,,3343,1709413083.361404,cPnC4ihZncYGNA,
327996,Conor,Coady,Conor,Coady,16,,3343,1709413083.361404,LAif0214eH8ApQ,
327999,Nick,Pope,Nick,Pope,13,,3343,1709413083.361404,Y5v1bZz777u50A,
327997,Eric,Dier,Eric,Dier,15,CB,3343,1709413083.361404,7tygrPyKdziblA,
328006,Harry,Maguire,Harry,Maguire,6,CB,3343,1709413083.361404,Wr0qGUAzmFGVzg,
328007,John,Stones,John,Stones,5,CB,3343,1709413083.361404,3yNGSduDMjE/1w,
327988,Callum,Wilson,Callum,Wilson,24,CF,3343,1709413083.361404,Xcq2S+5C5/MGOw,
328003,Harry,Kane,Harry,Kane,9,CF,3343,1709413083.361404,Bd1WR/7cw/aPew,
327990,Jude,Bellingham,Jude,Bellingham,22,CM,3343,1709413083.361404,45TeW0CK+ez+rg,
327993,Mason,Mount,Mason,Mount,19,CM,3343,1709413083.361404,ok/YL+ScjB9csg,
327998,Kalvin,Phillips,Kalvin,Phillips,14,CM,3343,1709413083.361404,icbCCX8mYlTiYw,
328004,Jordan,Henderson,Jordan,Henderson,8,CM,3343,1709413083.361404,H7O88vmIYV4DXA,
328011,Jordan,Pickford,Jordan,Pickford,1,GK,3343,1709413083.361404,hTFdZDf/aOt1KQ,
328009,Luke,Shaw,Luke,Shaw,3,LB,3343,1709413083.361404,/mM/mCNLv3m2iQ,
328002,Raheem,Sterling,Raheem,Sterling,10,LW,3343,1709413083.361404,I54Tuo2nSGSDwQ,
328005,Jack,Grealish,Jack,Grealish,7,LW,3343,1709413083.361404,6wscXe+jFRBXTA,
327994,Trent,Alexander-Arnold,Trent,Alexander-Arnold,18,RB,3343,1709413083.361404,ZO7qChsbMW98qQ,
328000,Kieran,Trippier,Kieran,Trippier,12,RB,3343,1709413083.361404,IKsXmBk9e/FUsA,
328010,Kyle,Walker,Kyle,Walker,2,RB,3343,1709413083.361404,vLTNg7LKfqzRMw,
327995,Bukayo,Saka,Bukayo,Saka,17,RW,3343,1709413083.361404,6pYLwIjmzLDJXg,
328001,Marcus,Rashford,Marcus,Rashford,11,RW,3343,1709413083.361404,O1HnBrp2naQgjA,
327992,Phil,Foden,Phil,Foden,20,CAM,3343,1709413083.361404,+vu9Sk9w6JvNHg,
328008,Declan,Rice,Declan,Rice,4,CDM,3343,1709413083.361404,mkeWu67bRevhYw,
324603,Oliver,Baumann,Oliver,Baumann,22,,3330,1709413045.559485,vNaJt5QVsMlwUw,
328566,Karim,Adeyemi,Karim,Adeyemi,24,,3330,1709413045.559485,PLuS75J2tUtkLg,
430474,Felix,Nmecha,Felix,Nmecha,8,,3330,1709413045.559485,yH3Q1Yo6mvO26g,
430475,Malick,Thiaw,Malick,Thiaw,3,,3330,1709413045.559485,Lj254nqRqOtXVw,
41421,Emre,Can,Emre,Can,23,CB,3330,1709413045.559485,ZZQno6NmJoUMYg,
41429,Niklas,Süle,Niklas,Sule,15,CB,3330,1709413045.559485,6/HeGWhPHShz+w,
41432,Matthias,Ginter,Matthias,Ginter,4,CB,3330,1709413045.559485,PoVGoqD0/G/W/Q,
41435,Antonio,Rüdiger,Antonio,Rudiger,2,CB,3330,1709413045.559485,XEByjW2tEMGNNA,
171697,Jonathan,Tah,Jonathan,Tah,4,CB,3330,1709413045.559485,9rzGYoMz64712w,
324602,Nico,Schlotterbeck,Nico,Schlotterbeck,5,CB,3330,1709413045.559485,Y3SqMETCMVGJtw,
328568,Armel,Bella-Kotchap,Armel,Bella-Kotchap,25,CB,3330,1709413045.559485,xQ/KiKYYDRWAGg,
41425,Thomas,Müller,Thomas,Muller,13,CF,3330,1709413045.559485,5UuKcOqRlSW3rA,
171687,Kai,Havertz,Kai,Havertz,7,CF,3330,1709413045.559485,l05O/D4V4mtghg,
328565,Niclas,Füllkrug,Niclas,Fullkrug,9,CF,3330,1709413045.559485,91lK9ZZoByVh/A,
41420,Julian,Brandt,Julian,Brandt,17,CM,3330,1709413045.559485,admeKImdAvvtrQ,
41422,Leon,Goretzka,Leon,Goretzka,8,CM,3330,1709413045.559485,FJtrYAnW8uCy0Q,
41423,Joshua,Kimmich,Joshua,Kimmich,6,CM,3330,1709413045.559485,CnHCTUeplhUn1w,
41644,Ilkay,Gündogan,Ilkay,Gundogan,21,CM,3330,1709413045.559485,XBDR+lALyH4SCQ,
430471,Pascal,Groß,Pascal,Gross,24,CM,3330,1709413045.559485,zaqeCh142thqIw,
430473,Florian,Wirtz,Florian,Wirtz,9,CM,3330,1709413045.559485,5TSEkc//gdgMaw,
41437,Marc-André,ter Stegen,Marc-Andre,ter Stegen,1,GK,3330,1709413045.559485,edP6J8H3dsNPkQ,
41438,Kevin,Trapp,Kevin,Trapp,12,GK,3330,1709413045.559485,N6BRMPKzb23V2A,
171767,Manuel,Neuer,Manuel,Neuer,1,GK,3330,1709413045.559485,MDAq46lwjLq9cw,
171689,Robin,Gosens,Robin,Gosens,20,LB,3330,1709413045.559485,QhGCHYSrupL+qQ,
324601,David,Raum,David,Raum,3,LB,3330,1709413045.559485,rHJuJS77ULp4vw,
328567,Christian,Günter,Christian,Gunter,20,LB,3330,1709413045.559485,JptNkEjrcvFnBw,
324599,Jamal,Musiala,Jamal,Musiala,14,LW,3330,1709413045.559485,EYgQS+mZIYfTQw,
328569,Youssoufa,Moukoko,Youssoufa,Moukoko,26,LW,3330,1709413045.559485,E9ZGsrYCSS4fzg,
430472,Kevin,Schade,Kevin,Schade,11,LW,3330,1709413045.559485,d7mX0GrP+lxpcQ,
171694,Lukas,Klostermann,Lukas,Klostermann,16,RB,3330,1709413045.559485,lbuqH5P+QSAMSA,
324606,Thilo,Kehrer,Thilo,Kehrer,5,RB,3330,1709413045.559485,OmXsx0vYlx16pA,
171698,Benjamin,Henrichs,Benjamin,Henrichs,16,RM,3330,1709413045.559485,PVyo8xTXtoAmTg,
171688,Jonas,Hofmann,Jonas,Hofmann,18,RW,3330,1709413045.559485,rWIWRASdqGivpg,
171768,Serge,Gnabry,Serge,Gnabry,10,RW,3330,1709413045.559485,uIOVaebXPR9UAQ,
41427,Leroy,Sane,Leroy,Sane,19,CAM,3330,1709413045.559485,nxhUfhAmxCIKQw,
41491,Mario,Götze,Mario,Gotze,11,CAM,3330,1709413045.559485,vR/hVHVg16pskw,
328760,Naif,Al-Hadhrami,Naif,Al-Hadhrami,24,,14614,1709413198.3208551,s2La/HwTBw/Z+w,
328762,Khalid,Muneer Mazeed,Khalid,Muneer Mazeed,18,,14614,1709413198.3208551,vy/iDj0Wb3i7XA,
328765,Mustafa,Mashaal,Mustafa,Mashaal,26,,14614,1709413198.3208551,L3OuNi7twJqNIQ,
328767,Salem,Al-Hajri,Salem,Al-Hajri,20,,14614,1709413198.3208551,bKR9hm3bxxxUow,
328774,Jassem,Gaber Abdulsallam,Jassem,Gaber Abdulsallam,25,,14614,1709413198.3208551,y73ijisiuXhn6A,
328779,Yousef,Hassan,Yousef,Hassan,21,,14614,1709413198.3208551,9CEftaweRzFbug,
328773,Abdelkarim,Hassan,Abdelkarim,Hassan,3,CB,14614,1709413198.3208551,wRGoBV82YCqDDA,
328775,Pedro,Miguel,Pedro,Miguel,2,CB,14614,1709413198.3208551,O7YoqroNarQwoA,
328776,Boualem,Khoukhi,Boualem,Khoukhi,16,CB,14614,1709413198.3208551,sjAwHmrmCXj9dA,
328777,Tarek,Salman,Tarek,Salman,5,CB,14614,1709413198.3208551,392GxkypG2wUgA,
328778,Bassam,Al-Rawi,Bassam,Al-Rawi,15,CB,14614,1709413198.3208551,tsJC+AvIuAR9Yg,
328756,Mohammed,Muntari,Mohammed,Muntari,9,CF,14614,1709413198.3208551,uab2LFO9RmGcCQ,
328758,Almoez,Ali,Almoez,Ali,19,CF,14614,1709413198.3208551,9L9vx4dlNmdndg,
328763,Akram,Afif,Akram,Afif,11,CF,14614,1709413198.3208551,wk97LYzA8XGUEQ,
328757,Ahmed,Alaaeldin,Ahmed,Alaaeldin,7,CM,14614,1709413198.3208551,uQQ1ULGdemwBYQ,
328761,Hasan,Al-Haydos,Hasan,Al-Haydos,10,CM,14614,1709413198.3208551,tDBPebnNWTMMQw,
328764,Ali,Asad,Ali,Asad,8,CM,14614,1709413198.3208551,z81pxuD0TUihwQ,
328766,Abdulaziz,Hatem,Abdulaziz,Hatem,6,CM,14614,1709413198.3208551,iq+eVMeWvFMfRA,
328768,Assim,Madibo,Assim,Madibo,23,CM,14614,1709413198.3208551,d9W6g2iPF4bqIw,
328769,Mohammed,Waad,Mohammed,Waad,4,CM,14614,1709413198.3208551,4sOcg+fZnKQTmw,
328770,Karim,Boudiaf,Karim,Boudiaf,12,CM,14614,1709413198.3208551,HT+M+zIBv2cycQ,
328780,Saad,Al-Sheeb,Saad,Al-Sheeb,1,GK,14614,1709413198.3208551,3Rpr4BZd606Nbw,
328781,Meshaal,Barsham,Meshaal,Barsham,22,GK,14614,1709413198.3208551,coYbhp2TrawiYg,
328772,Homam,Ahmed,Homam,Ahmed,14,LWB,14614,1709413198.3208551,vsPdfrLQcvL/Lg,
328759,Ismaeel,Mohammed,Ismaeel,Mohammed,17,RWB,14614,1709413198.3208551,rP1Mtwxh1SKOhA,
328771,Musab,Khoder,Musab,Khoder,13,RWB,14614,1709413198.3208551,2ZEoKSJPiveXFw,
200894,Frederik,Rønnow,Frederik,Ronnow,22,,10362,1709413154.783582,/9ZiD8MQIwrZYw,
310981,Oliver,Christensen,Oliver,Christensen,16,,10362,1709413154.783582,/24orKtCDDEYWQ,
200890,Simon,Kjær,Simon,Kjaer,4,CB,10362,1709413154.783582,iFG1/1F1CiAOuQ,
200892,Andreas,Christensen,Andreas,Christensen,6,CB,10362,1709413154.783582,krXy8JYQXDcp0g,
200904,Joachim,Andersen,Joachim,Andersen,2,CB,10362,1709413154.783582,7aDCULN7Od4gzA,
223925,Victor,Nelsson,Victor,Nelsson,3,CB,10362,1709413154.783582,sDQLzALgGzx5JA,
200884,Jonas,Wind,Jonas,Wind,19,CF,10362,1709413154.783582,iyeikouG7iffqQ,
200885,Martin,Braithwaite,Martin,Braithwaite,9,CF,10362,1709413154.783582,mg4qwyha9etjBA,
200897,Kasper,Dolberg,Kasper,Dolberg,12,CF,10362,1709413154.783582,60YsWzWAiR5SBw,
200913,Yussuf,Poulsen,Yussuf,Poulsen,20,CF,10362,1709413154.783582,nd5vkhYhMste/Q,
225744,Andreas,Cornelius,Andreas,Cornelius,21,CF,10362,1709413154.783582,le5bmreJlfl44Q,
200888,Christian,Eriksen,Christian,Eriksen,10,CM,10362,1709413154.783582,GIt+4d6vF7jolQ,
200889,Pierre-Emile,Højbjerg,Pierre-Emile,Hojbjerg,23,CM,10362,1709413154.783582,RXRBIZ/YCGFOKw,
200895,Mathias,Jensen,Mathias,Jensen,7,CM,10362,1709413154.783582,A6N44oCdWkBnKw,
200914,Thomas,Delaney,Thomas,Delaney,8,CM,10362,1709413154.783582,74lgDQi9aynQFA,
200905,Kasper,Schmeichel,Kasper,Schmeichel,1,GK,10362,1709413154.783582,gl0zJzETaX9B8A,
200887,Robert,Skov,Robert,Skov,24,LB,10362,1709413154.783582,ODYYxuLp9BqoPQ,
200912,Joakim,Mæhle,Joakim,Maehle,5,LB,10362,1709413154.783582,Bg4QcKk3bZio9A,
200896,Mikkel,Damsgaard,Mikkel,Damsgaard,14,LW,10362,1709413154.783582,83aT38p5YLACGQ,
200891,Daniel,Wass,Daniel,Wass,18,RB,10362,1709413154.783582,amOqPwHh1957zQ,
200901,Jens,Stryger Larsen,Jens,Stryger Larsen,17,RB,10362,1709413154.783582,CZLb+JE/TitgHQ,
238572,Alexander,Bah,Alexander,Bah,26,RB,10362,1709413154.783582,D7MSSy7pPk2vfQ,
223922,Jesper,Lindstrøm,Jesper,Lindstrom,25,RF,10362,1709413154.783582,JdK5N8uvr4E6wA,
200898,Andreas,Skov Olsen,Andreas,Skov Olsen,11,RW,10362,1709413154.783582,y9fZXx0O/g0l0Q,
200899,Christian,Nørgaard,Christian,Norgaard,15,CDM,10362,1709413154.783582,Anyzb2CmjmUebw,
223921,Rasmus,Kristensen,Rasmus,Kristensen,13,RWB,10362,1709413154.783582,Xwmn5u7VJpYJSQ,
171966,Yvon,Mvogo,Yvon,Mvogo,21,,9692,1709413137.0059268,NbXuqUgDYoMZjg,
171967,Jonas,Omlin,Jonas,Omlin,12,,9692,1709413137.0059268,lbiycPTCAckALQ,
327951,Philipp,Köhn,Philipp,Kohn,24,,9692,1709413137.0059268,Bh0yUPQaYWGUUg,
330235,Kevin,Mbabu,Kevin,Mbabu,2,,9692,1709413137.0059268,3srd+BeO/BaLtA,
171969,Manuel,Akanji,Manuel,Akanji,5,CB,9692,1709413137.0059268,no73XHFV2UuNPQ,
172003,Eray,Cömert,Eray,Comert,18,CB,9692,1709413137.0059268,6X4WgmKORnq3IA,
172004,Nico,Elvedi,Nico,Elvedi,4,CB,9692,1709413137.0059268,TPwDQAp3rqlsFA,
172008,Fabian,Schär,Fabian,Schar,22,CB,9692,1709413137.0059268,IBjWsK0sJM5F3A,
172020,Cedric,Itten,Cedric,Itten,19,CF,9692,1709413137.0059268,P6kU93MXp7icbg,
172022,Haris,Seferovic,Haris,Seferovic,9,CF,9692,1709413137.0059268,WyOttfO/kr6VSQ,
327957,Breel,Embolo,Breel,Embolo,7,CF,9692,1709413137.0059268,yxZusYgIl3PNIQ,
172011,Remo,Freuler,Remo,Freuler,8,CM,9692,1709413137.0059268,xiVqIr6S2uDiag,
172016,Granit,Xhaka,Granit,Xhaka,10,CM,9692,1709413137.0059268,45oB0Y7P+DXcGw,
327958,Denis,Zakaria,Denis,Zakaria,6,CM,9692,1709413137.0059268,jn/1tFWT3DIl+Q,
171968,Yann,Sommer,Yann,Sommer,1,GK,9692,1709413137.0059268,XUnXy02lI/UzFA,
327952,Gregor,Kobel,Gregor,Kobel,21,GK,9692,1709413137.0059268,fCNhjmn05dhoyg,
172007,Ricardo,Rodriguez,Ricardo,Rodriguez,13,LB,9692,1709413137.0059268,JherrWimhlyAMA,
172018,Christian,Fassnacht,Christian,Fassnacht,16,LW,9692,1709413137.0059268,3pGCJzWR6B5Egg,
172023,Ruben,Vargas,Ruben,Vargas,17,LW,9692,1709413137.0059268,X/+VDtU0MhVyjA,
327950,Fabian,Rieder,Fabian,Rieder,25,LW,9692,1709413137.0059268,DfH/cDHvF4ERqg,
327954,Noah,Okafor,Noah,Okafor,19,LW,9692,1709413137.0059268,dLRx9JVU5S9DnA,
330234,Dan,Ndoye,Dan,Ndoye,16,LW,9692,1709413137.0059268,xWDEFkSGqiPhdg,
172009,Silvan,Widmer,Silvan,Widmer,3,RB,9692,1709413137.0059268,psb4Q60mdHKpzw,
172010,Edimilson,Fernandes,Edimilson,Fernandes,2,RB,9692,1709413137.0059268,pajoQ5crEN8UnA,
172012,Xherdan,Shaqiri,Xherdan,Shaqiri,23,RW,9692,1709413137.0059268,6Z5OU1aYz3aI+w,
327956,Renato,Steffen,Renato,Steffen,11,RW,9692,1709413137.0059268,B/y5o5F3FSAbAw,
172014,Djibril,Sow,Djibril,Sow,15,CAM,9692,1709413137.0059268,+iYtsul7pHgQIg,
327949,Ardon,Jashari,Ardon,Jashari,26,CAM,9692,1709413137.0059268,jqzEz3CNTi+mMg,
327953,Fabian,Frei,Fabian,Frei,20,CAM,9692,1709413137.0059268,0VFnWI8WlVOzBg,
327955,Michel,Aebischer,Michel,Aebischer,14,CAM,9692,1709413137.0059268,lZsapNNC72zkBw,
405651,Joey,Veerman,Joey,Veerman,17,,3332,1709413058.49666,c6tRli9/Ra8M4A,
405652,Sven,Botman,Sven,Botman,14,,3332,1709413058.49666,707oJk4iQ+a0lA,
405653,Mark,Flekken,Mark,Flekken,13,,3332,1709413058.49666,IpmObOuayXFtig,
328856,Tyrell,Malacia,Tyrell,Malacia,16,CB,3332,1709413058.49666,+0lQP1YgKCtbxA,
328858,Nathan,Aké,Nathan,Ake,5,CB,3332,1709413058.49666,R5ohpiZOQpQibA,
328859,Jurrien,Timber,Jurrien,Timber,2,CB,3332,1709413058.49666,jNXQ7F0ZhEFQ3Q,
328860,Virgil,van Dijk,Virgil,van Dijk,4,CB,3332,1709413058.49666,oeHXdkW+8IhBfg,
405656,Lutsharel,Geertruida,Lutsharel,Geertruida,12,CB,3332,1709413058.49666,JNxj55e62IvAqg,
328841,Wout,Weghorst,Wout,Weghorst,19,CF,3332,1709413058.49666,AcO4QDZqVfKBSw,
328844,Steven,Bergwijn,Steven,Bergwijn,7,CF,3332,1709413058.49666,MQx+zaRJ+uRTRQ,
328845,Cody,Gakpo,Cody,Gakpo,9,CF,3332,1709413058.49666,KPP35XFAG+nHvw,
328848,Xavi,Simons,Xavi,Simons,11,CF,3332,1709413058.49666,5cp0I9iFdoopyQ,
41472,Georginio,Wijnaldum,Georginio,Wijnaldum,8,CM,3332,1709413058.49666,b53INKguw4frNQ,
328851,Frenkie,de Jong,Frenkie,de Jong,21,CM,3332,1709413058.49666,bZuIPdBk3K6sVw,
328852,Marten,de Roon,Marten,de Roon,15,CM,3332,1709413058.49666,CjhxO98VotxGVA,
328853,Teun,Koopmeiners,Teun,Koopmeiners,20,CM,3332,1709413058.49666,6gdBhm6sIvSCBw,
405655,Mats,Wieffer,Mats,Wieffer,6,CM,3332,1709413058.49666,Dtfzr6MMuSXUEg,
328863,Andries,Noppert,Andries,Noppert,23,GK,3332,1709413058.49666,lQdDWMq01Lw01Q,
328864,Justin,Bijlow,Justin,Bijlow,1,GK,3332,1709413058.49666,ZSjdk7VrLexe1g,
328843,Noa,Lang,Noa,Lang,10,LW,3332,1709413058.49666,xeIPKqp5khBnkg,
405654,Donyell,Malen,Donyell,Malen,18,RW,3332,1709413058.49666,Ag+Z+o2DmCewNQ,
328855,Daley,Blind,Daley,Blind,3,LWB,3332,1709413058.49666,BlKCVe3HMZ0P0g,
328849,Denzel,Dumfries,Denzel,Dumfries,22,RWB,3332,1709413058.49666,pvAf9511Z/z2Qw,
66534,Bum-Keun,Song,Bum-Keun,Song,12,,4998,1709413100.423883,yV0Fk3iEqv5GbA,
448180,Ji-Soo,Kim,Ji-Soo,Kim,25,,4998,1709413100.423883,VdeZXIiu3jJclQ,
66519,Young-Gwon,Kim,Young-Gwon,Kim,19,CB,4998,1709413100.423883,EPCgRq6O7KTsWQ,
66529,Min-Jae,Kim,Min-Jae,Kim,4,CB,4998,1709413100.423883,1TuA5kekL3xsfg,
66532,Seung-Hyun,Jung,Seung-Hyun,Jung,15,CB,4998,1709413100.423883,BWpWsfCGG5Qbuw,
448178,Joo-Sung,Kim,Joo-Sung,Kim,20,CB,4998,1709413100.423883,8hwE1SCn2ZPxvg,
223237,Gue-Sung,Cho,Gue-Sung,Cho,9,CF,4998,1709413100.423883,XLF3HdDwtdJ7Xw,
448177,hyun-Gyu,Oh,hyun-Gyu,Oh,24,CF,4998,1709413100.423883,3+36dctKZHbU2Q,
66537,Jae-Sung,Lee,Jae-Sung,Lee,10,CM,4998,1709413100.423883,CvhM3Xwao0Ig7g,
66538,In-Beom,Hwang,In-Beom,Hwang,6,CM,4998,1709413100.423883,cLNGUj3bvKcxOA,
93981,Jun-Ho,Son,Jun-Ho,Son,33,CM,4998,1709413100.423883,S+I0Rx2T0oO+sA,
448174,Yong-Woo,Park,Yong-Woo,Park,5,CM,4998,1709413100.423883,q0rSumO6AjcUcw,
448175,Hong,Hyunseok,Hong,Hyunseok,8,CM,4998,1709413100.423883,Z5ZJ5dYCVdICew,
448245,Soon-Min,Lee,Soon-Min,Lee,13,CM,4998,1709413100.423883,kLBrFZDvV2cvEA,
66530,Seung-Gyu,Kim,Seung-Gyu,Kim,1,GK,4998,1709413100.423883,Itm38vsTIHUwTA,
93991,Hyun-Woo,Jo,Hyun-Woo,Jo,21,GK,4998,1709413100.423883,WLjBS2BDgdCvWg,
93988,Jin-Su,Kim,Jin-Su,Kim,3,LB,4998,1709413100.423883,wjqOHEGs3mSuZA,
223232,Ki-Je,Lee,Ki-Je,Lee,2,LB,4998,1709413100.423883,jFavdtJOT8bTQA,
66527,Heung-Min,Son,Heung-Min,Son,7,LW,4998,1709413100.423883,cnUqBYEaUY6jdw,
66528,Hee-Chan,Hwang,Hee-Chan,Hwang,11,LW,4998,1709413100.423883,JKQNE4POJ8eN8Q,
66540,Seon-Min,Moon,Seon-Min,Moon,14,LW,4998,1709413100.423883,05jrofYt51zSGQ,
232327,Woo-yeong,Jeong,Woo-yeong,Jeong,17,LW,4998,1709413100.423883,FKq/RVc0qIPmjA,
93984,Tae-Hwan,Kim,Tae-Hwan,Kim,23,RB,4998,1709413100.423883,hh9WB0D4GkOy7g,
448173,Young-Woo,Seol,Young-Woo,Seol,22,RB,4998,1709413100.423883,ILt3kBtnM9fAVQ,
309983,Kang-In,Lee,Kang-In,Lee,18,RW,4998,1709413100.423883,EFujK6/VnRtriQ,
309984,Hyeon-Jun,Yang,Hyeon-Jun,Yang,26,RW,4998,1709413100.423883,joRJigfiJ6hhIg,
465698,Jin-Seop,Park,Jin-Seop,Park,16,CDM,4998,1709413100.423883,4Sy+3WMOtJYoMw,
41504,Raphael,Varane,Raphael,Varane,4,CB,3338,1709413066.767487,W1r/EpLdvRocXg,
311342,Dayot,Upamecano,Dayot,Upamecano,18,CB,3338,1709413066.767487,hATWx5gyth666A,
311346,William,Saliba,William,Saliba,17,CB,3338,1709413066.767487,TwqPMxZ+y7l5MQ,
328063,Ibrahima,Konate,Ibrahima,Konate,24,CB,3338,1709413066.767487,gf5XiHntin/3Lw,
311339,Randal,Kolo Muani,Randal,Kolo Muani,12,CF,3338,1709413066.767487,Qnfn9YByefftrg,
311343,Christopher,Nkunku,Christopher,Nkunku,12,CF,3338,1709413066.767487,YTQq/Hs3E1po3A,
311352,Olivier,Giroud,Olivier,Giroud,9,CF,3338,1709413066.767487,/6OsDNXCKWUl5w,
328066,Marcus,Thuram,Marcus,Thuram,26,CF,3338,1709413066.767487,2LvhXI6TcASOLw,
41501,Adrien,Rabiot,Adrien,Rabiot,14,CM,3338,1709413066.767487,wRuo2Bt09/VWig,
311340,Jordan,Veretout,Jordan,Veretout,15,CM,3338,1709413066.767487,7xRcg9m47DE+5g,
311349,Youssouf,Fofana,Youssouf,Fofana,13,CM,3338,1709413066.767487,ZzsWJ15JKmPpYA,
311353,Aurélien,Tchouameni,Aurelien,Tchouameni,8,CM,3338,1709413066.767487,ntO6caDiHauteA,
41497,Steve,Mandanda,Steve,Mandanda,16,GK,3338,1709413066.767487,YV3+3eZesheXDw,
41505,Alphonse,Areola,Alphonse,Areola,23,GK,3338,1709413066.767487,tmhxbNVbFqLhzQ,
328062,Hugo,Lloris,Hugo,Lloris,1,GK,3338,1709413066.767487,JfL+PWASAkKD+g,
311345,Eduardo,Camavinga,Eduardo,Camavinga,25,LB,3338,1709413066.767487,XyPgvuV73Yq11A,
328065,Lucas,Hernandez,Lucas,Hernandez,21,LB,3338,1709413066.767487,JN/2X8ZWUpC5Lg,
328067,Theo,Hernandez,Theo,Hernandez,22,LB,3338,1709413066.767487,yf42l9zquIucMQ,
41500,Kylian,Mbappe,Kylian,Mbappe,10,LW,3338,1709413066.767487,ghhTHIoR+TffxQ,
311341,Mattéo,Guendouzi,Matteo,Guendouzi,6,LW,3338,1709413066.767487,rHZIyHIleTEvRQ,
41514,Benjamin,Pavard,Benjamin,Pavard,2,RB,3338,1709413066.767487,kX92p1XyIk2+OQ,
311354,Jules,Koundé,Jules,Kounde,5,RB,3338,1709413066.767487,hjYX9rCE+Chtbg,
328061,Arthur,Disasi,Arthur,Disasi,3,RB,3338,1709413066.767487,jp11fwvvRlfBsg,
41506,Kingsley,Coman,Kingsley,Coman,20,RW,3338,1709413066.767487,Y7LffCkQYrljbQ,
311344,Ousmane,Dembélé,Ousmane,Dembele,11,RW,3338,1709413066.767487,VSBuOh6xQG4dGA,
41509,Antoine,Griezmann,Antoine,Griezmann,7,CAM,3338,1709413066.767487,GRQmQdCdGQ8CKQ,
328815,Boulaye,Dia,Boulaye,Dia,9,CF,14616,1709413216.6615272,Ful5qD4JaLLnAg,
328821,Pathé,Ciss,Pathe,Ciss,11,CM,14616,1709413216.6615272,Wj3MjeNcW+UuQw,
328825,Mamadou,Loum,Mamadou,Loum,25,,14616,1709413216.6615272,LX7QaSFM2sEswg,
328820,Moustapha,Name,Moustapha,Name,24,,14616,1709413216.6615272,s3uPtmrsp81o8g,
328818,Ismaïla,Sarr,Ismaila,Sarr,18,LW,14616,1709413216.6615272,T8GLwtwH3Vh3CQ,
328814,Bamba,Dieng,Bamba,Dieng,20,CF,14616,1709413216.6615272,XPedqebfXVRhEA,
328835,Seny,Dieng,Seny,Dieng,1,,14616,1709413216.6615272,QZFvfteXofwCnw,
328836,Alfred,Gomis,Alfred,Gomis,23,,14616,1709413216.6615272,rSWlWkFsH0No0A,
328822,Idrissa,Gueye,Idrissa,Gueye,5,CAM,14616,1709413216.6615272,Jpkt+/RZAwwCtA,
328827,Pape,Gueye,Pape,Gueye,26,CM,14616,1709413216.6615272,0zbyhnWEwHM3qQ,
328826,Nampalys,Mendy,Nampalys,Mendy,6,CM,14616,1709413216.6615272,RooyDt1aUdOBgw,
328831,Formose,Mendy,Formose,Mendy,2,,14616,1709413216.6615272,MbItMeVWtJYuIg,
328837,Edouard,Mendy,Edouard,Mendy,16,GK,14616,1709413216.6615272,tpsUpwlx/Pt0iw,
328833,Abdou,Diallo,Abdou,Diallo,22,CB,14616,1709413216.6615272,I/1qTT2E39bmaw,
328816,Krépin,Diatta,Krepin,Diatta,15,RW,14616,1709413216.6615272,+WuJqSUK15cKUg,
328830,Ismail,Jakobs,Ismail,Jakobs,14,LB,14616,1709413216.6615272,v29z0CIeAp4t2Q,
328819,Iliman,Ndiaye,Iliman,Ndiaye,13,RW,14616,1709413216.6615272,gGbJYFuJUAiMrw,
329636,Moussa,Ndiaye,Moussa,Ndiaye,10,,14616,1709413216.6615272,HhV8+6QgFKNZpw,
328828,Youssouf,Sabaly,Youssouf,Sabaly,21,RB,14616,1709413216.6615272,veh04vaeLKvs7Q,
328817,Nicolas,Jackson,Nicolas,Jackson,7,RW,14616,1709413216.6615272,h9lq7dzmgFYkzg,
328824,Cheikhou,Kouyaté,Cheikhou,Kouyate,8,CM,14616,1709413216.6615272,VIT/S22GyQDUsA,
328813,Famara,Diédhiou,Famara,Diedhiou,19,CF,14616,1709413216.6615272,NKBPG2FutdlYpA,
328834,Kalidou,Koulibaly,Kalidou,Koulibaly,3,CB,14616,1709413216.6615272,jniogxc69qW8Ow,
328832,Pape,Abou Cissé,Pape,Abou Cisse,4,CB,14616,1709413216.6615272,WBYYIiGFABiQFw,
328823,Pape,Matar Sarr,Pape,Matar Sarr,17,CM,14616,1709413216.6615272,olToqR734dVDNA,
328829,Fodé,Ballo-Touré,Fode,Ballo-Toure,12,LB,14616,1709413216.6615272,jDW9KIHZfaU9uw,
41529,Koen,Casteels,Koen,Casteels,13,,3339,1709413075.014078,wz5H8c3j91hQeA,
41538,Simon,Mignolet,Simon,Mignolet,12,,3339,1709413075.014078,mNlaLZi64Q4YjA,
328736,Hans,Vanaken,Hans,Vanaken,20,,3339,1709413075.014078,8CyGSnF5Zv7jag,
328742,Zeno,Debast,Zeno,Debast,26,,3339,1709413075.014078,c5N9MN/J8RleEA,
328743,Wout,Faes,Wout,Faes,4,,3339,1709413075.014078,XZQfAbe9beFcrA,
328744,Arthur,Theate,Arthur,Theate,3,,3339,1709413075.014078,PtFCF4IhTGd+XQ,
328740,Jan,Vertonghen,Jan,Vertonghen,5,CB,3339,1709413075.014078,qHNTyw821q6//A,
328741,Toby,Alderweireld,Toby,Alderweireld,2,CB,3339,1709413075.014078,XTMDcJKvBA+ikQ,
41524,Romelu,Lukaku,Romelu,Lukaku,9,CF,3339,1709413075.014078,w9oOQEEn6Y1BUg,
328731,Michy,Batshuayi,Michy,Batshuayi,23,CF,3339,1709413075.014078,6tYVVLNW2qCyUg,
328732,Loïs,Openda,Lois,Openda,24,CF,3339,1709413075.014078,UvyGWViZCmYV+A,
328734,Leandro,Trossard,Leandro,Trossard,17,CF,3339,1709413075.014078,Brrof6ZLk9mQTQ,
41526,Youri,Tielemans,Youri,Tielemans,8,CM,3339,1709413075.014078,MewIXgZ7Io+fTg,
41528,Axel,Witsel,Axel,Witsel,6,CM,3339,1709413075.014078,3VCRdx0yXpPYoA,
41532,Leander,Dendoncker,Leander,Dendoncker,19,CM,3339,1709413075.014078,RFmhXc6X41tLCA,
328738,Amadou,Onana,Amadou,Onana,18,CM,3339,1709413075.014078,LIvWU9iZAN6V/w,
41521,Thibaut,Courtois,Thibaut,Courtois,1,GK,3339,1709413075.014078,2ZvF4b8o4Of7/A,
328739,Timothy,Castagne,Timothy,Castagne,21,LB,3339,1709413075.014078,qVFJfFL4Yf55Og,
328733,Jérémy,Doku,Jeremy,Doku,25,LW,3339,1709413075.014078,knlJ0iLMWvA7Hg,
328735,Yannick,Carrasco,Yannick,Carrasco,11,LW,3339,1709413075.014078,Dhumjbv/ZKiZdw,
41534,Thorgan,Hazard,Thorgan,Hazard,16,RW,3339,1709413075.014078,Dhg/2MVctJ/RtA,
328737,Charles,De Ketelaere,Charles,De Ketelaere,22,RW,3339,1709413075.014078,abDvpSU2bG/kaw,
41522,Kevin,De Bruyne,Kevin,De Bruyne,7,CAM,3339,1709413075.014078,CLerMPnArKLCaw,
41523,Eden,Hazard,Eden,Hazard,10,CAM,3339,1709413075.014078,i9ZdcYNY5tn6lQ,
41537,Dries,Mertens,Dries,Mertens,14,CAM,3339,1709413075.014078,5+4xwWOiSy38lg,
41525,Thomas,Meunier,Thomas,Meunier,15,RWB,3339,1709413075.014078,+YCFz8ANf0fhFA,
372325,Gastón,Olveira,Gaston,Olveira,12,,5034,1709413110.0093398,T+8RRb/TGOnu4A,
372334,Sebastián,Cáceres,Sebastian,Caceres,4,,5034,1709413110.0093398,+tMeby7YLqzcAQ,
372341,Diego,Hernandez,Diego,Hernandez,10,,5034,1709413110.0093398,P6EFyMKBjaWG8w,
328554,Sebastián,Coates,Sebastian,Coates,19,CB,5034,1709413110.0093398,hQEqvPehA0U/WQ,
372333,Santiago,Bueno,Santiago,Bueno,2,CB,5034,1709413110.0093398,AchpJm4OwqVm6A,
328536,Maxi,Gómez,Maxi,Gomez,18,CF,5034,1709413110.0093398,VRIJRjeWnljWzw,
372342,Jonathan Javier,Rodríguez Portillo,Jonathan Javier,Rodriguez Portillo,11,CF,5034,1709413110.0093398,vYwd3tLm8j14Sw,
372346,Matías,Arezo,Matias,Arezo,21,CF,5034,1709413110.0093398,JJCcgBnjQr3jIg,
328542,Matías,Vecino,Matias,Vecino,5,CM,5034,1709413110.0093398,CebTpfC87BYlfw,
328545,Federico,Valverde,Federico,Valverde,15,CM,5034,1709413110.0093398,dJaXY3FT52xvrA,
328547,Manuel,Ugarte,Manuel,Ugarte,6,CM,5034,1709413110.0093398,uwyBscMKoksUxw,
372337,Felipe Melo,De Carvalho,Felipe Melo,De Carvalho,7,CM,5034,1709413110.0093398,KM8TBsLz05h58w,
448142,Felipe,Ignacio Carballo Ares,Felipe,Ignacio Carballo Ares,7,CM,5034,1709413110.0093398,+McmeiXD9w6QXQ,
328559,Sergio,Rochet,Sergio,Rochet,1,GK,5034,1709413110.0093398,+e2+txWaRjrOKQ,
372327,Santiago,Mele,Santiago,Mele,23,GK,5034,1709413110.0093398,O3rGZTxilYAqxQ,
328551,Mathías,Olivera,Mathias,Olivera,16,LB,5034,1709413110.0093398,5gwUG+lqlMqadw,
372332,Joaquín,Piquerez,Joaquin,Piquerez,22,LB,5034,1709413110.0093398,9ler6wCsZ/GN2A,
328540,Facundo,Torres,Facundo,Torres,20,LW,5034,1709413110.0093398,iNql5R23z+utGQ,
372345,Diego,Rossi,Diego,Rossi,9,LW,5034,1709413110.0093398,exHlTQuVNiUtgg,
328548,José Luis,Rodríguez,Jose Luis,Rodriguez,13,RB,5034,1709413110.0093398,cKBU+sJLOnbMXQ,
372328,Giovanni,González,Giovanni,Gonzalez,3,RB,5034,1709413110.0093398,a0LF8Nt/bQdvGQ,
328538,Facundo,Pellistri,Facundo,Pellistri,8,RF,5034,1709413110.0093398,qN4lGf6riJwB5Q,
328539,Agustín,Canobbio,Agustin,Canobbio,14,RM,5034,1709413110.0093398,2pTxuP9Fsh0dPg,
328550,Matías,Viña,Matias,Vina,17,LWB,5034,1709413110.0093398,4rJI5zoLIax/8g,
41663,Lukasz,Skorupski,Lukasz,Skorupski,12,,3344,1709413092.148489,mq46Sif8/XNl5A,
328472,Szymon,Zurkowski,Szymon,Zurkowski,17,,3344,1709413092.148489,eFaSMUvDo8JG4A,
328478,Robert,Gumny,Robert,Gumny,25,,3344,1709413092.148489,VgLqRxWToieoUw,
328484,Kamil,Grabara,Kamil,Grabara,22,,3344,1709413092.148489,jd922ZkhK4av2A,
376064,Bartłomiej,Drągowski,Bartlomiej,Dragowski,22,,3344,1709413092.148489,xQyU9vDNgUZ4Lg,
376068,Benjamin,Lederman,Benjamin,Lederman,2,,3344,1709413092.148489,VShwQAEmqmxuYQ,
376069,Paweł Marek,Dawidowicz,Pawel Marek,Dawidowicz,6,,3344,1709413092.148489,t8h7bBWs7u1FQw,
376112,Tymoteusz,Puchacz,Tymoteusz,Puchacz,2,,3344,1709413092.148489,MjZGj3jEq5/bzw,
406990,Mateusz,Łęgowski,Mateusz,Legowski,8,,3344,1709413092.148489,naiehhkr/z/mOw,
429454,Marcin,Bułka,Marcin,Bulka,22,,3344,1709413092.148489,w2YaMT7DXUEAGw,
429455,Kacper Szymon,Kozłowski,Kacper Szymon,Kozlowski,6,,3344,1709413092.148489,BYEJoNlxfyMXFg,
432002,Adrian Dawid,Benedyczak,Adrian Dawid,Benedyczak,23,,3344,1709413092.148489,9neQt57TV6OQlQ,
448984,Sebastian,Walukiewicz,Sebastian,Walukiewicz,15,,3344,1709413092.148489,A06qSUfQyxSsLw,
466571,Bartlomiej,Wdowik,Bartlomiej,Wdowik,15,,3344,1709413092.148489,Wy6Dcon8QtsxKA,
41648,Tomasz,Kedziora,Tomasz,Kedziora,4,CB,3344,1709413092.148489,PRBIhUKrWqMELA,
328479,Kamil,Glik,Kamil,Glik,15,CB,3344,1709413092.148489,6MuYBC8oQQntsw,
328480,Jakub,Kiwior,Jakub,Kiwior,14,CB,3344,1709413092.148489,mAL6DydzOQALDw,
328481,Jan,Bednarek,Jan,Bednarek,5,CB,3344,1709413092.148489,90IvEeUv8xQaLQ,
328482,Mateusz,Wieteska,Mateusz,Wieteska,3,CB,3344,1709413092.148489,f2voZA36iD51RA,
376066,Bartosz,Salamon,Bartosz,Salamon,15,CB,3344,1709413092.148489,62aT8Xtb7EGtjg,
448987,Patryk,Peda,Patryk,Peda,18,CB,3344,1709413092.148489,OT9Ow1Pwc7ZGwg,
466572,Pawel,Piotr Bochniewicz,Pawel,Piotr Bochniewicz,2,CB,3344,1709413092.148489,VYeC93Zwu1tcvg,
328466,Karol,Swiderski,Karol,Swiderski,7,CF,3344,1709413092.148489,xBJxdKYVjbalhQ,
328467,Robert,Lewandowski,Robert,Lewandowski,9,CF,3344,1709413092.148489,JLQsuowVOz5fgA,
328468,Arkadiusz,Milik,Arkadiusz,Milik,7,CF,3344,1709413092.148489,+KHZPj+b+IUWDA,
429453,Karol Grzegorz,Świderski,Karol Grzegorz,Swiderski,16,CF,3344,1709413092.148489,sh2fA4jgei5K7g,
448983,Adam,Buksa,Adam,Buksa,16,CF,3344,1709413092.148489,cQD2fxeiQQwj+w,
41649,Karol,Linetty,Karol,Linetty,8,CM,3344,1709413092.148489,YoSXE5QUf4G3/w,
41655,Piotr,Zielinski,Piotr,Zielinski,10,CM,3344,1709413092.148489,yjDjTG7MBn9q3A,
328465,Krzysztof,Piatek,Krzysztof,Piatek,23,CM,3344,1709413092.148489,InvUUX4tdEvNIA,
328475,Grzegorz,Krychowiak,Grzegorz,Krychowiak,10,CM,3344,1709413092.148489,lOWHs7OkPASkUw,
328476,Damian,Szymanski,Damian,Szymanski,17,CM,3344,1709413092.148489,57zCjS7ahNbPBA,
328477,Krystian,Bielik,Krystian,Bielik,6,CM,3344,1709413092.148489,xXs09tfid+jgkg,
376067,Sebastian,Szymański,Sebastian,Szymanski,20,CM,3344,1709413092.148489,HOaFx79G0vx8oA,
406989,Bartosz,Slisz,Bartosz,Slisz,23,CM,3344,1709413092.148489,kzt0T8TwMUGHXQ,
448982,Patryk,Dziczek,Patryk,Dziczek,15,CM,3344,1709413092.148489,BJSYG/2nzHUGkw,
448986,Jakub,Piotrowski,Jakub,Piotrowski,6,CM,3344,1709413092.148489,H81OPhQjnXtWwg,
41654,Wojciech,Szczesny,Wojciech,Szczesny,1,GK,3344,1709413092.148489,jiNTgyx1JnviKw,
41647,Artur,Jedrzejczyk,Artur,Jedrzejczyk,3,LB,3344,1709413092.148489,awfcb/+2wYAfFQ,
41656,Bartosz,Bereszynski,Bartosz,Bereszynski,18,LB,3344,1709413092.148489,+33j1sltveKO5A,
376070,Michał,Karbownik,Michal,Karbownik,16,LB,3344,1709413092.148489,hRRgk7Y371oasg,
328473,Jakub,Kaminski,Jakub,Kaminski,13,LM,3344,1709413092.148489,yo82cJ/toCgTkA,
328474,Kamil,Grosicki,Kamil,Grosicki,11,LM,3344,1709413092.148489,ZPSSouqXuNU9Pw,
41659,Przemyslaw,Frankowski,Przemyslaw,Frankowski,19,LW,3344,1709413092.148489,J7BnDxNXdArS8w,
328483,Matty,Cash,Matty,Cash,2,RB,3344,1709413092.148489,z8HPsPsT5N7yBQ,
376065,Robert Krzysztof,Gumny,Robert Krzysztof,Gumny,17,RB,3344,1709413092.148489,yyWN7rggaXalVQ,
328469,Michal,Skoras,Michal,Skoras,15,RM,3344,1709413092.148489,T1Z+2x7qLWwtKw,
328470,Nicola,Zalewski,Nicola,Zalewski,21,RW,3344,1709413092.148489,5ofcv+RsS58Gkg,
448985,Filip,Marchwiński,Filip,Marchwinski,8,CAM,3344,1709413092.148489,eBC4rygYsE1Lxg,
429452,Paweł Marek,Wszołek,Pawel Marek,Wszolek,13,RWB,3344,1709413092.148489,00xSj/l24GOpag,
328464,Mohammed,Al Rubaie,Mohammed,Al Rubaie,1,,12844,1709413173.502961,ZMUhs29UmpOdnA,
486445,Rayan,Hamed,Rayan,Hamed,19,,12844,1709413173.502961,jPx4nygeYeYQHw,
327485,Hassan,Tambakti,Hassan,Tambakti,17,CB,12844,1709413173.502961,55pkfFaEhOoHhg,
328460,Ali,Al Bulaihi,Ali,Al Bulaihi,5,CB,12844,1709413173.502961,i18KjXPa/aQbEw,
486437,Awn,Al Saluli,Awn,Al Saluli,3,CB,12844,1709413173.502961,YnMNVr/QRBeGVA,
486442,Ali,Lajami,Ali,Lajami,4,CB,12844,1709413173.502961,yVno4oYAUSwVug,
327466,Abdulrahman,Ghareeb,Abdulrahman,Ghareeb,18,CF,12844,1709413173.502961,vaKexmA4QVJKpQ,
327471,Saleh,Al Shehri,Saleh,Al Shehri,11,CF,12844,1709413173.502961,ycAd209NUaRAtQ,
328456,Nasser,Al Dawsari,Nasser,Al Dawsari,24,CF,12844,1709413173.502961,fRlp7od4mItfmA,
486440,Abdullah,Radif,Abdullah,Radif,20,CF,12844,1709413173.502961,CHrdf20vfLeKSA,
486444,Talal,Haji,Talal,Haji,14,CF,12844,1709413173.502961,MCQ1Icddm6tWfw,
327468,Ali,Al Hassan,Ali,Al Hassan,15,CM,12844,1709413173.502961,vx3bRmSdv6cTGQ,
327476,Mohamed,Kanno,Mohamed,Kanno,23,CM,12844,1709413173.502961,n4jNuvuwjABNDQ,
327477,Sami,Al Naji,Sami,Al Naji,16,CM,12844,1709413173.502961,fYVwgsFJI6SOXw,
328459,Abdulellah,Al Malki,Abdulellah,Al Malki,8,CM,12844,1709413173.502961,5KsrRydNjKCQ2A,
448087,Al Khaibari,Abdullah,Al Khaibari,Abdullah,15,CM,12844,1709413173.502961,KvjAbVgGY4OSJA,
486441,Faisal,Al Ghamdi,Faisal,Al Ghamdi,26,CM,12844,1709413173.502961,YO20xJ+X+3Gx4g,
486443,Eid,Al Muwallad,Eid,Al Muwallad,6,CM,12844,1709413173.502961,hsnc0u/MQQxpIQ,
448092,Najjar,Raghid,Najjar,Raghid,21,GK,12844,1709413173.502961,eSbAbgqiEAICUg,
486446,Ahmed,Al Kassar,Ahmed,Al Kassar,22,GK,12844,1709413173.502961,0mRZPg2peNMeTg,
327483,Mohammed,Al Breik,Mohammed,Al Breik,25,LM,12844,1709413173.502961,FZXjZnsQnXK2Sg,
327479,Salem,Al Dawsari,Salem,Al Dawsari,10,LW,12844,1709413173.502961,FHkvAwp/wT9UnQ,
327470,Saud,Abdul Hamid,Saud,Abdul Hamid,12,RB,12844,1709413173.502961,TYqEgwlH8I76yw,
327480,Feras,Al Brikan,Feras,Al Brikan,9,RW,12844,1709413173.502961,B/bOe9DuZu2RHA,
328457,Nawaf,Al Abed,Nawaf,Al Abed,18,CAM,12844,1709413173.502961,hJCKBb9n6rV/bA,
486438,Mukhtar,Ali,Mukhtar,Ali,7,CDM,12844,1709413173.502961,9FkulESKX8iwhw,
486439,Hassan,Kadesh,Hassan,Kadesh,13,LWB,12844,1709413173.502961,FjnI2VxnET00LQ,
486436,Fawaz,Al Yami,Fawaz,Al Yami,2,RWB,12844,1709413173.502961,IKu1ULGXahbw2A,
328533,José,Sá,Jose,Sa,12,,14611,1709413189.944923,wXHNk+jQ1WMpow,
373106,Celton,Biai,Celton,Biai,22,,14611,1709413189.944923,j06LGo+u7pjpBg,
280485,Pepe,"",Pepe,"",3,CB,14611,1709413189.944923,RfJWYrVXa+xedA,
280494,Danilo,Pereira,Danilo,Pereira,13,CB,14611,1709413189.944923,ZafDEyPlzL+c4A,
328531,António,Silva,Antonio,Silva,24,CB,14611,1709413189.944923,n2d9VDVgrwdpcw,
328532,Rúben,Dias,Ruben,Dias,4,CB,14611,1709413189.944923,+33X+pez8gS0dA,
373107,Goncalo,Inacio,Goncalo,Inacio,14,CB,14611,1709413189.944923,jnbz3ezqDSByAw,
280492,Cristiano,Ronaldo,Cristiano,Ronaldo,7,CF,14611,1709413189.944923,VtLvufn68rSrdQ,
280496,André,Silva,Andre,Silva,9,CF,14611,1709413189.944923,Y5DoODdyRsCt/Q,
328529,Gonçalo,Ramos,Goncalo,Ramos,26,CF,14611,1709413189.944923,hgYroTJztqafUg,
280484,Otavio,"",Otavio,"",25,CM,14611,1709413189.944923,Oafo0WRS76AW+Q,
280486,Vitinha,"",Vitinha,"",16,CM,14611,1709413189.944923,AmDfswuPkmU3Gw,
280489,Bernardo,Silva,Bernardo,Silva,10,CM,14611,1709413189.944923,bW7uA11WGDEB1A,
280501,Matheus,Nunes,Matheus,Nunes,23,CM,14611,1709413189.944923,ducsLZNLVxihsg,
280481,Rui,Patricio,Rui,Patricio,1,GK,14611,1709413189.944923,lLyIkaYFVqML5Q,
280483,Diogo,Costa,Diogo,Costa,22,GK,14611,1709413189.944923,Fp5ZpzBAL2xbUA,
280482,Raphael,Guerreiro,Raphael,Guerreiro,5,LB,14611,1709413189.944923,cP3eiuj+yZS6Qw,
280495,Nuno,Mendes,Nuno,Mendes,19,LB,14611,1709413189.944923,gxVXLqwEw+JU/A,
280480,Rafael,Leao,Rafael,Leao,15,LW,14611,1709413189.944923,R4/vEkRRvJm7ow,
280527,Ricardo,Horta,Ricardo,Horta,21,LW,14611,1709413189.944923,/pbJ3lED3TIN6g,
280588,Joao,Felix,Joao,Felix,11,LW,14611,1709413189.944923,XWH96z2JtnjCBw,
280490,Joao,Cancelo,Joao,Cancelo,20,RB,14611,1709413189.944923,QsjmOftBoJeHMg,
280493,Diogo,Dalot,Diogo,Dalot,2,RB,14611,1709413189.944923,7hXf+lmKG1EKAA,
280491,Bruno,Fernandes,Bruno,Fernandes,8,RW,14611,1709413189.944923,Ra8rCMHBIY+Iuw,
328530,João,Mário,Joao,Mario,17,RW,14611,1709413189.944923,Tvn5J4ONXXPCvg,
280498,William,Carvalho,William,Carvalho,14,CDM,14611,1709413189.944923,sMySglzN/D+Sgw,
280500,Joao,Palhinha,Joao,Palhinha,6,CDM,14611,1709413189.944923,VsJTRR+oPGKbbw,
280504,Ruben,Neves,Ruben,Neves,18,CDM,14611,1709413189.944923,s/VeFzDFWGPlFw,
403439,Juan,Bernat,Juan,Bernat,17,,14570,1709413181.9983659,tYQS+0weD3w2nQ,
405832,Fran,Garcia,Fran,Garcia,17,,14570,1709413181.9983659,d6ydGhMRfsZdiQ,
465778,Álex,Remiro,Alex,Remiro,13,,14570,1709413181.9983659,ssyLNwOZbJOQKw,
280466,Iñigo,Martinez,Inigo,Martinez,5,CB,14570,1709413181.9983659,Paf3aNuW/P1ifQ,
280473,Pau,Torres,Pau,Torres,4,CB,14570,1709413181.9983659,AijT+bFuJn408w,
280476,Rodri,Hernández,Rodri,Hernandez,16,CB,14570,1709413181.9983659,XjbCuAFF4C0qag,
328652,Aymeric,Laporte,Aymeric,Laporte,14,CB,14570,1709413181.9983659,UqFtVek6/TROFw,
373765,Nacho,Fernandez,Nacho,Fernandez,4,CB,14570,1709413181.9983659,Z2lI8cAdBhJr0w,
373928,David,Garcia,David,Garcia,15,CB,14570,1709413181.9983659,tb+iW9ZXN9GqEw,
403438,Robin,Le Normand,Robin,Le Normand,3,CB,14570,1709413181.9983659,tT3X8xsrF+dILQ,
280455,Álvaro,Morata,Alvaro,Morata,7,CF,14570,1709413181.9983659,au9Qgb2wyjmedA,
280469,Marco,Asensio,Marco,Asensio,10,CF,14570,1709413181.9983659,7PefP7gVUStzCg,
373759,Joselu,"",Joselu,"",12,CF,14570,1709413181.9983659,K4noLdNamlpTSQ,
280465,Gavi,"",Gavi,"",9,CM,14570,1709413181.9983659,/hGaIgYwCkGbhA,
373761,Fabián,Ruiz,Fabian,Ruiz,8,CM,14570,1709413181.9983659,a7wlQeXhEDrLwQ,
373763,Mikel,Merino,Mikel,Merino,6,CM,14570,1709413181.9983659,1JHoHwJaLUPWzg,
465762,Oihan,Sancet,Oihan,Sancet,19,CM,14570,1709413181.9983659,f2HMkLC4GoZAAQ,
465765,Aleix,Garcia,Aleix,Garcia,21,CM,14570,1709413181.9983659,lNyCR4nizw/8tA,
280461,David,Raya,David,Raya,1,GK,14570,1709413181.9983659,xfTY0i/S7N79nA,
280479,Unai,Simon,Unai,Simon,23,GK,14570,1709413181.9983659,zxLjd60MPlCYdQ,
373766,Kepa,Arrizabalaga,Kepa,Arrizabalaga,1,GK,14570,1709413181.9983659,jM/tgjHTryDtEg,
280467,Jordi,Alba,Jordi,Alba,18,LB,14570,1709413181.9983659,riGwxBHjSi6OBA,
330279,José,Gayà,Jose,Gaya,14,LB,14570,1709413181.9983659,PfETqmJKls7MnQ,
465766,Álex,Grimaldo,Alex,Grimaldo,2,LB,14570,1709413181.9983659,G8ie0C7zhmktXQ,
329362,Yeremy,Pino,Yeremy,Pino,15,LW,14570,1709413181.9983659,X7LtmSkFEK0quQ,
280456,Ansu,Fati,Ansu,Fati,12,LW,14570,1709413181.9983659,mjH3fBlyNBJOaQ,
280459,Dani,Olmo,Dani,Olmo,21,LW,14570,1709413181.9983659,GPQ39sVz95rgtA,
373758,Mikel,Oyarzabal,Mikel,Oyarzabal,21,LW,14570,1709413181.9983659,LnqCJgKhZH6Khg,
465764,Rodrigo,Riquelme,Rodrigo,Riquelme,4,LW,14570,1709413181.9983659,TQRwFXiS9CpctQ,
280460,Daniel,Carvajal,Daniel,Carvajal,20,RB,14570,1709413181.9983659,R+fnDR2kjNmL4Q,
403437,Jesús,Navas,Jesus,Navas,22,RB,14570,1709413181.9983659,cB01OU21+AeyWw,
329361,Nico,Williams,Nico,Williams,10,RW,14570,1709413181.9983659,Sov5idPmX5L6TA,
280464,Ferran,Torres,Ferran,Torres,11,RW,14570,1709413181.9983659,U0HxLmTmB8u2JA,
403441,Rodrigo,Moreno,Rodrigo,Moreno,19,RW,14570,1709413181.9983659,V6dm37JMWKrh5A,
465763,Lamine,Yamal,Lamine,Yamal,17,RW,14570,1709413181.9983659,AQlSWqE39Y3QTg,
403440,Sergio,Canales,Sergio,Canales,11,CAM,14570,1709413181.9983659,XYW3v5z034I3Nw,
373757,Martín,Zubimendi,Martin,Zubimendi,18,CDM,14570,1709413181.9983659,pdt96UJz3oqUzA,
324352,Diego,Palacios,Diego,Palacios,18,,14615,1709413207.1617448,FJL42wJAQuIQFw,
324353,William,Pacho,William,Pacho,6,,14615,1709413207.1617448,jg7ccwTlm/At1w,
324355,Xavier,Arreaga,Xavier,Arreaga,14,,14615,1709413207.1617448,NTq+nmj9+d2IUA,
324357,Alexander,Dominguez,Alexander,Dominguez,22,,14615,1709413207.1617448,3BTVmhwEnYN5/w,
328784,Ayrton,Preciado,Ayrton,Preciado,9,,14615,1709413207.1617448,yLAAyDZOWaiLgA,
328786,Robert,Arboleda,Robert,Arboleda,4,,14615,1709413207.1617448,mci3Mb1fw97MHA,
328788,Moises,Ramirez,Moises,Ramirez,12,,14615,1709413207.1617448,JOTjbzrIFNi/LA,
324366,Jackson,Porozo,Jackson,Porozo,25,CB,14615,1709413207.1617448,JOtUDXefw1CyTg,
324367,Piero,Hincapie,Piero,Hincapie,3,CB,14615,1709413207.1617448,1/nXxZuTSo/8KQ,
328787,Felix,Torres,Felix,Torres,2,CB,14615,1709413207.1617448,QTGA6seYVU3suQ,
324344,Enner,Valencia,Enner,Valencia,13,CF,14615,1709413207.1617448,nCjGEZ5dSXQuLQ,
324345,Djorkaeff,Reasco,Djorkaeff,Reasco,24,CF,14615,1709413207.1617448,iuFw2u0ribXaJA,
324358,Michael,Estrada,Michael,Estrada,11,CF,14615,1709413207.1617448,5JStT22AEWJLpg,
328782,Kevin,Rodriguez,Kevin,Rodriguez,26,CF,14615,1709413207.1617448,Z2HwBxuRaBhe9g,
324361,Moises,Caicedo,Moises,Caicedo,23,CM,14615,1709413207.1617448,CmWdDQ/IxIsiOg,
324362,Jose,Cifuentes,Jose,Cifuentes,5,CM,14615,1709413207.1617448,Miv+iUlmMX4I+A,
324363,Jhegson,Mendez,Jhegson,Mendez,20,CM,14615,1709413207.1617448,EmrTP8uDeL5xjA,
328785,Alan,Franco,Alan,Franco,21,CM,14615,1709413207.1617448,PHB8jGF2/3yZtA,
324368,Hernan,Galindez,Hernan,Galindez,1,GK,14615,1709413207.1617448,mFM9K8aWmwFBOA,
324365,Pervis,Estupinan,Pervis,Estupinan,7,LB,14615,1709413207.1617448,+MoNhrZ7H37Ntw,
324360,Romario,Ibarra,Romario,Ibarra,10,LM,14615,1709413207.1617448,k41Axs8601yEOw,
324347,Jeremy,Sarmiento,Jeremy,Sarmiento,16,LW,14615,1709413207.1617448,bAqpfr4ylXGkUg,
324351,Angelo,Preciado,Angelo,Preciado,17,RB,14615,1709413207.1617448,dGpwXtuDoGpObg,
328783,Gonzalo,Plata,Gonzalo,Plata,19,RM,14615,1709413207.1617448,3wYzGK1Qwzr9gQ,
324359,Angel,Mena,Angel,Mena,15,RW,14615,1709413207.1617448,yVphxG66pFw9Fw,
324349,Carlos,Gruezo,Carlos,Gruezo,8,CDM,14615,1709413207.1617448,TP6glZnWB0vByQ,
93964,Payam,Niazmand,Payam,Niazmand,12,,6414,1709413117.888426,NhYVLfOV3mAM+Q,
488666,Shahriar,Moghanlou,Shahriar,Moghanlou,26,,6414,1709413117.888426,PouzRnVsxaUPLQ,
488667,Aria,Yousefi,Aria,Yousefi,24,,6414,1709413117.888426,x+w1Rw/6V7HdWA,
488668,Saman,Fallah,Saman,Fallah,25,,6414,1709413117.888426,hEy99t1/ccQKPg,
488669,Hossein,Hosseini,Hossein,Hosseini,22,,6414,1709413117.888426,+fmQ1UqBBaNHTw,
488670,Reza,Asadi,Reza,Asadi,11,,6414,1709413117.888426,mcOF1GGjyJFoYQ,
93968,Morteza,Pouraliganji,Morteza,Pouraliganji,10,CB,6414,1709413117.888426,GivPN3hhH0jwtw,
93970,Hossein,Kanaani,Hossein,Kanaani,13,CB,6414,1709413117.888426,i7Y64VImuaSuMg,
232297,Shojae,Khalilzadeh,Shojae,Khalilzadeh,4,CB,6414,1709413117.888426,74W2yjllQK4dFA,
232298,Majid,Hosseini,Majid,Hosseini,19,CB,6414,1709413117.888426,4FGLQwXrvAA5kw,
93976,Mehdi,Taremi,Mehdi,Taremi,9,CF,6414,1709413117.888426,o6kBEfCCRs7iHw,
93977,Karim,Ansarifard,Karim,Ansarifard,10,CF,6414,1709413117.888426,V508tI5iLkCing,
232306,Sardar,azmoun,Sardar,azmoun,20,CF,6414,1709413117.888426,uZw5QahAqizVIQ,
93959,Ahmad,Nourollahi,Ahmad,Nourollahi,8,CM,6414,1709413117.888426,9ZzWlrWbM1hOLA,
93960,Saeid,Ezatolahi,Saeid,Ezatolahi,6,CM,6414,1709413117.888426,Ez3akLyHBlNGjA,
93963,Roozbeh,Cheshmi,Roozbeh,Cheshmi,15,CM,6414,1709413117.888426,MEeUufJwd3sBPw,
328012,Ali,Karimi,Ali,Karimi,18,CM,6414,1709413117.888426,ZI8uHv8+MTbwQA,
93965,Seyed,Hossein Hosseini,Seyed,Hossein Hosseini,12,GK,6414,1709413117.888426,Q40ipLS4961Z+w,
93966,Amir,Abedzadeh,Amir,Abedzadeh,22,GK,6414,1709413117.888426,+ldvKKSEmjkfpA,
93969,Alireza,Beiranvand,Alireza,Beiranvand,1,GK,6414,1709413117.888426,UsePZdHnu0k2GA,
93971,Milad,Mohammadi,Milad,Mohammadi,5,LB,6414,1709413117.888426,JJlSYhZ1lehkUQ,
328013,Abolfazi,Jalali,Abolfazi,Jalali,25,LB,6414,1709413117.888426,hKkNPTOPY3v7fg,
93972,Ehsan,Hajsafi,Ehsan,Hajsafi,3,LM,6414,1709413117.888426,Ys8BywzkwRJCjg,
93974,Mehdi,Torabi,Mehdi,Torabi,16,LW,6414,1709413117.888426,b/gtWWyLgHdd/Q,
488662,Mohammad,Mohebi,Mohammad,Mohebi,21,LW,6414,1709413117.888426,p1gIcxNltnAfyQ,
93967,Ramin,Rezaeian,Ramin,Rezaeian,23,RB,6414,1709413117.888426,YQ4b9s5Y1AMDYg,
93956,Vahid,Amiri,Vahid,Amiri,11,RM,6414,1709413117.888426,S7ZZ6hP0hfSpvw,
232302,Ali,Gholizaadeh,Ali,Gholizaadeh,17,RM,6414,1709413117.888426,uIwEdA/qqIgOyA,
93975,Alireza,Jahanbakhsh,Alireza,Jahanbakhsh,7,RW,6414,1709413117.888426,R1J1NjKw3qV4Xg,
232301,Saman,Ghoddos,Saman,Ghoddos,14,CAM,6414,1709413117.888426,ucOzhGWzPVvt9Q,
232296,Sadegh,Moharrami,Sadegh,Moharrami,2,RWB,6414,1709413117.888426,A/DjeXxz9pgpJA,
328728,Ahmed Reda,Tagnaouti,Ahmed Reda,Tagnaouti,22,,11503,1709413164.05425,fo8Ppif5AbMXFw,
328722,Badr,Benoun,Badr,Benoun,24,CB,11503,1709413164.05425,rQ6ghvrmVapQWw,
328723,Jawad,El Yamiq,Jawad,El Yamiq,18,CB,11503,1709413164.05425,87EOHv4GbJKCuw,
328724,Achraf,Dari,Achraf,Dari,20,CB,11503,1709413164.05425,npTUWHfqW1kxDg,
328725,Romain,Saïss,Romain,Saiss,6,CB,11503,1709413164.05425,tQcFHuCvW34+yg,
328726,Nayef,Aguerd,Nayef,Aguerd,5,CB,11503,1709413164.05425,r5OX2apbt20ksA,
328704,Walid,Cheddira,Walid,Cheddira,21,CF,11503,1709413164.05425,+Zyu1+ZPbpNHWA,
328705,Abderrazak,Hamdallah,Abderrazak,Hamdallah,9,CF,11503,1709413164.05425,5ysQifa1IE8MsA,
328706,Youssef,En-Nesyri,Youssef,En-Nesyri,19,CF,11503,1709413164.05425,WlxZhxTosKLMrQ,
328711,Abdelhamid,Sabiri,Abdelhamid,Sabiri,11,CM,11503,1709413164.05425,l51LtqPqbqaoiw,
328712,Bilal,El Khannouss,Bilal,El Khannouss,23,CM,11503,1709413164.05425,rjyfad+RQtShZQ,
328713,Selim,Amallah,Selim,Amallah,15,CM,11503,1709413164.05425,iecCPnG9Yw2e1A,
328716,Azzedine,Ounahi,Azzedine,Ounahi,8,CM,11503,1709413164.05425,iTRkx6Z1FEzD1Q,
328717,Yahya,Jabrane,Yahya,Jabrane,26,CM,11503,1709413164.05425,9LuJqkaVgp2j8g,
328729,Yassine,Bounou,Yassine,Bounou,1,GK,11503,1709413164.05425,nu+rAGSsbpnVkA,
328727,Munir,El Kajoui,Munir,El Kajoui,12,GK,11503,1709413164.05425,R+5cS75+RAOTPw,
328719,Noussair,Mazraoui,Noussair,Mazraoui,3,LB,11503,1709413164.05425,1OB+cqvBC9jEZA,
328721,Yahia,Attiat-Allah,Yahia,Attiat-Allah,25,LB,11503,1709413164.05425,t44ePsDd/TWXEA,
328707,Zakaria,Aboukhlal,Zakaria,Aboukhlal,14,LF,11503,1709413164.05425,N4aRDYgKhSCxAg,
328708,Anass,Zaroury,Anass,Zaroury,10,LW,11503,1709413164.05425,08DjG1Djq2llig,
328709,Sofiane,Boufal,Sofiane,Boufal,17,LW,11503,1709413164.05425,63baQMNAWvj6Kw,
328710,Abde,Ezzalzouli,Abde,Ezzalzouli,16,LW,11503,1709413164.05425,Krv0esGJmViwkw,
328720,Achraf,Hakimi,Achraf,Hakimi,2,RB,11503,1709413164.05425,TfLnNvbGD/lpuA,
328714,Ilias,Chair,Ilias,Chair,13,RW,11503,1709413164.05425,TFrzTVh3XM0MVA,
328715,Hakim,Ziyech,Hakim,Ziyech,7,RW,11503,1709413164.05425,hj2986DIMgvqYA,
328718,Sofyan,Amrabat,Sofyan,Amrabat,4,CDM,11503,1709413164.05425,s9e6a8clxmSLSA,
171935,永嗣,川島,Eiji,Kawashima,"",,8456,1709413127.491317,MC7sdE+WvAiq4Q,
243347,視聴用1,JFA,"",JFA,,,8456,1709413127.491317,SSU5NKezJ4CYfQ,
245046,視聴用2,JFA,"",JFA,,,8456,1709413127.491317,LuJJ5ewUsdKvKw,
245047,視聴用3,JFA,"",JFA,,,8456,1709413127.491317,aFfj+nWvdfa8FA,
245049,視聴用5,JFA,"",JFA,,,8456,1709413127.491317,Qfc4s1fEKB3fEA,
245029,晃生,谷,Kosei,Tani,"",,8456,1709413127.491317,j2+eh/js9ma7fw,
245048,視聴用4,JFA,"",JFA,,,8456,1709413127.491317,8FSWalHChYMomg,
372340,陸,半田,Riku,Handa,"",,8456,1709413127.491317,f27UJ11syPv9mQ,
402804,颯太,川﨑,Sota,Kawasaki,"",,8456,1709413127.491317,eW2Ns4Co45uc0w,
449013,亨介,小島,Ryosuke,Kojima,"",,8456,1709413127.491317,ahwHxYe69Uxq5A,
473905,大志ブランドン,野沢,Taishi Brandon,Nozawa,12,,8456,1709413127.491317,UOYakUx/hvpJbA,
171926,健洋,冨安,Takehiro,Tomiyasu,22,CB,8456,1709413127.491317,84vSo4OgL5IXGg,
171927,滉,板倉,Kou,Itakura,4,CB,8456,1709413127.491317,Fd/G8Z/U2t2pnA,
171932,麻也,吉田,Maya,Yoshida,"",CB,8456,1709413127.491317,2NBoBpkNZIFehg,
245032,彰悟,谷口,Shogo,Taniguchi,3,CB,8456,1709413127.491317,dmj4TzJ06VkHTQ,
245035,歩夢,瀬古,Ayumu,Seko,"",CB,8456,1709413127.491317,QgwfaXtJ7AD9Cg,
372338,浩樹,町田,Koki,Machida,15,CB,8456,1709413127.491317,mZJABGgk6ug+/A,
372339,陽也,藤井,Haruya,Fujii,"",CB,8456,1709413127.491317,CdCbAevOpD7jZg,
465448,剛,渡辺,Tsuyoshi,Watanabe,24,CB,8456,1709413127.491317,Qj8Pp7BFrcxNqA,
245043,綺世,上田,Ayase,Ueda,9,CF,8456,1709413127.491317,/FrVp2qRCOG8ug,
246962,拓磨,浅野,Takuma,Asano,18,CF,8456,1709413127.491317,TN4vJDOZLnUK2g,
246964,大然,前田,Daizen,Maeda,25,CF,8456,1709413127.491317,jCDjtiFMvL2YqA,
324317,亨梧,古橋,Kyogo,Furuhashi,"",CF,8456,1709413127.491317,EoragMSbRKJxNw,
324318,修斗,町野,Shuto,Machino,"",CF,8456,1709413127.491317,Y8yIq1GnPZGDrQ,
372330,拓真,西村,Takuma,Nishimura,"",CF,8456,1709413127.491317,tINS1/Twu9L+nQ,
465447,真大,細谷,Mao,Hosoya,11,CF,8456,1709413127.491317,ttNVquOveg1/PQ,
171922,航,遠藤,Wataru,Endo,6,CM,8456,1709413127.491317,/Yz/gU5/WAHtKA,
171923,岳,柴崎,Gaku,Shibasaki,"",CM,8456,1709413127.491317,V0xTNMxqdrL2BA,
246963,英正,守田,Hidemasa,Morita,5,CM,8456,1709413127.491317,B/pvhtFR+KIuwg,
246965,碧,田中,Ao,Tanaka,"",CM,8456,1709413127.491317,oA1hbzGmwGhT8Q,
324369,怜央,旗手,Reo,Hatate,17,CM,8456,1709413127.491317,9o703e/wI3As/w,
402803,駿,川辺,Hayao,Kawabe,"",CM,8456,1709413127.491317,QQiKXQwSDqGb5A,
402805,拓夢,川村,Takumu,Kawamura,"",CM,8456,1709413127.491317,iVwCQ+SP7B+JMg,
405469,敦樹,伊藤,Atsuki,Ito,"",CM,8456,1709413127.491317,bnveGKzb+hYa+A,
465425,海舟,佐野,Kaishu,Sano,26,CM,8456,1709413127.491317,x86BfeZjt60SYg,
171933,ダニエル,シュミット,Schmidt,Daniel,"",GK,8456,1709413127.491317,r9hD63YjW7B61w,
171934,修一,権田,Shuichi,Gonda,"",GK,8456,1709413127.491317,2kBvD3NigllQfw,
372331,敬介,大迫,Keisuke,Osako,"",GK,8456,1709413127.491317,VXr7gGF8gtmqlQ,
402801,航輔,中村,Kosuke,Nakamura,"",GK,8456,1709413127.491317,Pdc8xm9Nnq2J1g,
449012,黛也,前川,Daiya,Maekawa,1,GK,8456,1709413127.491317,N4pRJGazRJAXeg,
449014,彩艶,鈴木,Zion,Suzuki,23,GK,8456,1709413127.491317,G3DSjJA0ejrweQ,
245030,佑都,長友,Yuto,Nagatomo,"",LB,8456,1709413127.491317,AM+tQ+xJ4tJUWg,
324316,洋輝,伊藤,Hiroki,Ito,21,LB,8456,1709413127.491317,Cy5EXk2jChamsQ,
372336,佳史扶,バングーナガンデ,Kashif,Bangnagande,"",LB,8456,1709413127.491317,Q8TDziSpIFEtNw,
402802,龍矢,森下,Ryoya,Morishita,"",LB,8456,1709413127.491317,yWiTBuh/D5My5g,
449015,雄太,中山,Yuta,Nakayama,19,LB,8456,1709413127.491317,nqFg8/35dBNdww,
481475,颯太,三浦,Sota,Miura,"",LB,8456,1709413127.491317,bDVYqDYa8oiTbA,
245041,勇紀,相馬,Yuki,Soma,"",LW,8456,1709413127.491317,OD8a699ZlNLtJQ,
323303,薫,三笘,Kaoru,Mitoma,7,LW,8456,1709413127.491317,+piOOJPq70tdBQ,
372329,敬斗,中村,Keito,Nakamura,13,LW,8456,1709413127.491317,3rpVrYoPGITkKw,
449016,侃志,奥抜,Kanji,Okunuki,"",LW,8456,1709413127.491317,ZMHFBOLZCWTj1w,
171925,由勢,菅原,Yukinari,Sugawara,2,RB,8456,1709413127.491317,4i0lX7E09tpc1A,
171931,宏樹,酒井,Hiroki,Sakai,"",RB,8456,1709413127.491317,haoldmC6bAtEcQ,
245033,視来,山根,Miki,Yamane,"",RB,8456,1709413127.491317,PKyE9BCxqUO+rg,
372335,大樹,橋岡,Daiki,Hashioka,"",RB,8456,1709413127.491317,DBtClgbgXIM7dw,
429014,晟矢,毎熊,Seiya,Maikuma,16,RB,8456,1709413127.491317,mYBmJ/e19ZBa5w,
171916,律,堂安,Ritsu,Doan,10,RW,8456,1709413127.491317,RqYD7bSCbydeFw,
171921,純也,伊東,Junya,Ito,14,RW,8456,1709413127.491317,b+EhabVWsrX1gQ,
171915,建英,久保,Takefusa,Kubo,20,CAM,8456,1709413127.491317,o9Tbgdlgw/NNrw,
171919,大地,鎌田,Daichi,Kamada,"",CAM,8456,1709413127.491317,I87RowvYfHeMsw,
171920,拓実,南野,Takumi,Minamino,8,CAM,8456,1709413127.491317,SmXkG7KHjopjIg,
473907,涼太郎,伊藤,Ryotaro,Ito,"",CAM,8456,1709413127.491317,Z/yih4DwhdorVw,
41643,Gareth,Southgate,Gareth,Southgate,,,3343,1709413083.361404,7mYo/UGeg55Lmw,team.staff
171765,Alexander,Schneider,Alexander,Schneider,,,3330,1709413045.559485,hWJrz+6MPrqiTw,team.staff
171766,Sebastian,Becker,Sebastian,Becker,,,3330,1709413045.559485,4f4/YfOFDPb6EQ,team.staff
199160,Kasper,Hjulmand,Kasper,Hjulmand,,,10362,1709413154.783582,vlfb3NsF0aStFw,team.staff
256163,Kevin,Ehmes,Kevin,Ehmes,,,9692,1709413137.0059268,BTuBUTfPVkT6Mw,team.staff
256162,Sascha,Stauch,Sascha,Stauch,,,9692,1709413137.0059268,a5M9CnfjuIYpHg,team.staff
66541,Paulo,Bento,Paulo,Bento,,,4998,1709413100.423883,gatPBN/rSf9mmA,team.staff
223953,Tae-Uk,Choi,Tae-Uk,Choi,,,4998,1709413100.423883,V1gZdmcnU/79Aw,team.staff
223954,Sergio,Costa,Sergio,Costa,,,4998,1709413100.423883,3/3Bj82otf5a3w,team.staff
223955,Filipe,Coelho,Filipe,Coelho,,,4998,1709413100.423883,Z/kpfbHmfdOSWA,team.staff
223956,Young-Min,Kim,Young-Min,Kim,,,4998,1709413100.423883,yLmlg5+zZDH8sg,team.staff
223957,Vitro,Silveste,Vitro,Silveste,,,4998,1709413100.423883,ohgbd03QsaKuRg,team.staff
223958,Pedro,Pereira,Pedro,Pereira,,,4998,1709413100.423883,gheQttBbqdiDmg,team.staff
225667,Taenam,Jung,Taenam,Jung,,,4998,1709413100.423883,3WqacGgVGGe40A,team.staff
311523,Alilou,Issa,Alilou,Issa,,,3338,1709413066.767487,SYv356Zi8UhM3g,team.staff
41517,Didier,Deschamps,Didier,Deschamps,,,3338,1709413066.767487,zEDy7CJAopbRMA,team.staff
320134,Rachid,Touazi,Rachid,Touazi,,,3338,1709413066.767487,ZnF+QwK7Y+jMFg,team.staff
326939,Adrien,Tarascon,Adrien,Tarascon,,,3338,1709413066.767487,8PCRUNOStXvS/g,team.staff
41541,Roberto,Martinez,Roberto,Martinez,,,3339,1709413075.014078,Ow083PI3KT+geQ,team.staff
277928,Pablo,Peña,Pablo,Pena,,,14570,1709413181.9983659,kIAw6zxypAMuIA,team.staff
277929,Luis,De La Fuente,Luis,De La Fuente,,,14570,1709413181.9983659,ZX0l14+l554scw,team.staff
386026,Carlos Alberto,Cruz,Carlos Alberto,Cruz,"",,14570,1709413181.9983659,ricKhTjoGGk2Xw,team.staff
369451,Sahid,Dahbi,Sahid,Dahbi,"",,11503,1709413164.05425,JXXrXc4yn2ZOBA,team.staff
171875,央視,片桐,Hiromi,Katagiri,,,8456,1709413127.491317,chG7fR/ZknSFGg,team.staff
172722,大輔,寺門,Daisuke,Terakado,,,8456,1709413127.491317,wenxNOhteWfgPQ,team.staff
172739,征樹,中下,Masaki,Nakashita,,,8456,1709413127.491317,bYvWseUD6SAl9w,team.staff
351453,秀朗,渡邉,Hideaki,Watanabe,"",,8456,1709413127.491317,ltRgALkNl1KZRw,team.staff
383783,鉄平,小西,Teppei,Konishi,"",,8456,1709413127.491317,QHiueSC+QXUrNA,team.staff
245050,紀和子,則松,Kiwako,Norimatsu,,,8456,1709413127.491317,EfdIF50hio4Vng,team.staff
245023,一,森保,Hajime,Moriyasu,,,8456,1709413127.491317,luBfGYieoAZp3A,team.staff
245025,俊秀,齊藤,Toshihide,Saito,,,8456,1709413127.491317,3Ip2FtQkRkKHAg,team.staff
245027,良一,松本,Ryoichi,Matsumoto,,,8456,1709413127.491317,JMFCj5IQTdRnfw,team.staff
245028,崇,下田,Takashi,Shimoda,,,8456,1709413127.491317,CL+VNbDonvfPKw,team.staff
245104,滋之,越智,Shigeyuki,Ochi,,,8456,1709413127.491317,7fhZhDTGBUQ92w,team.staff
245225,大,渡邉,Dai,Watanabe,,,8456,1709413127.491317,HjCOpAJxQmmHjw,team.staff
245675,謙介,寺口,Kensuke,Teraguchi,,,8456,1709413127.491317,VQo3LovLfzX5cQ,team.staff
246520,剛,大岩,Go,Oiwa,,,8456,1709413127.491317,1Vt4bNxhlQd3lQ,team.staff
247160,孝大,佐藤,Takahiro,Sato,,,8456,1709413127.491317,sXjsfQA4BRLFjA,team.staff
245666,大介,菅原,Daisuke,Sugawara,,,8456,1709413127.491317,a1JUPV3zRutYJg,team.staff
245667,康治,反町,Yasuharu,Sorimachi,,,8456,1709413127.491317,OKw8JDV5FOhfpw,team.staff
245668,剛,小野,Takeshi,Ono,,,8456,1709413127.491317,+8ZSGL2hgj/iUA,team.staff
245669,浩司,大橋,Hiroshi,Ohashi,,,8456,1709413127.491317,0ROUuLmHnNXmOQ,team.staff
245670,雅永,影山,Masanaga,Kageyama,,,8456,1709413127.491317,2DDDIgnD0O1r/Q,team.staff
245672,誠太,西川,Seidai,Nishikawa,,,8456,1709413127.491317,XVMUc53R6acKhw,team.staff
245671,篤,内山,Atsushi,Uchiyama,,,8456,1709413127.491317,+wAaRtyIC4K5Bg,team.staff
254399,淳,菅野,Atsushi,Kanno,,,8456,1709413127.491317,yZQkbmJIJnryRg,team.staff
254398,則幸,川俣,Noriyuki,Kawamata,,,8456,1709413127.491317,hl3l09i8C1xNMA,team.staff
323299,康彦,木村,Yasuhiko,Kimura,,,8456,1709413127.491317,IFS22mEJEQBBZA,team.staff
323300,隆昭,星原,Takaaki,Hoshihara,,,8456,1709413127.491317,aVM6sEu9v+aniw,team.staff
323301,開,大畑,Kai,Ohata,,,8456,1709413127.491317,nuq+vRENYVQMQw,team.staff
351471,慧,見原,Kei,Mihara,"",,8456,1709413127.491317,kVAvLJ1meL3QBg,team.staff
372343,遼一,前田,Ryoichi,Maeda,"",,8456,1709413127.491317,iw0AncHkZslkbA,team.staff
372344,浩,名波,Hiroshi,Nanami,"",,8456,1709413127.491317,WoUIVxv1J/T/Bg,team.staff
322532,Gerardo,Arteaga,Gerardo,Arteaga,6,,17742,1709413327.222389,5rrjuyKpKvBSqA,
322533,Rodolfo,Cota,Rodolfo,Cota,12,,17742,1709413327.222389,aHcqCSCp+qURVw,
322572,Irving,Mendoza,Irving,Mendoza,,,17742,1709413327.222389,RvlVaZBMgw4h2w,team.staff
322600,Jorge Luis,Rojas,Jorge Luis,Rojas,,,17742,1709413327.222389,wPuBfsT9zJ6mMQ,team.staff
322601,Carlos,Quiroz,Carlos,Quiroz,,,17742,1709413327.222389,v/r7KZAYhwa8uw,team.staff
322838,José Jaime,Ordiales,Jose Jaime,Ordiales,,,17742,1709413327.222389,2gDlDEtO53t7ug,team.staff
322839,Luis Manuel,Maldonado,Luis Manuel,Maldonado,,,17742,1709413327.222389,5hjMfHsYNeheqQ,team.staff
322840,Gerardo,Martino,Gerardo,Martino,,,17742,1709413327.222389,INDk8w4+MWEsfQ,team.staff
322841,Jorge Walter,Theiler,Jorge Walter,Theiler,,,17742,1709413327.222389,zW549G8TvAu9DQ,team.staff
322842,Sergio Adolfo,Giovagnoli,Sergio Adolfo,Giovagnoli,,,17742,1709413327.222389,nygUGzMCEwu6Ig,team.staff
322843,Damian Lionel,Silvero,Damian Lionel,Silvero,,,17742,1709413327.222389,4CugvsmU8Lu9iQ,team.staff
322844,Nestor,Piñero,Nestor,Pinero,,,17742,1709413327.222389,8Ji0eSEqdSpJ0g,team.staff
322845,José Manuel,Alfaro,Jose Manuel,Alfaro,,,17742,1709413327.222389,uZ1BPID+zACwLA,team.staff
322846,Oscar,Paladini,Oscar,Paladini,,,17742,1709413327.222389,uUtaPDOULV8V3A,team.staff
322847,Norberto Hugo,Scoponi,Norberto Hugo,Scoponi,,,17742,1709413327.222389,riCihV6Wx/zoRQ,team.staff
322848,Gustavo Abel,Dezotti,Gustavo Abel,Dezotti,,,17742,1709413327.222389,UJNKLfuVoz+0Kw,team.staff
322849,Carlos Roberto,Martínez,Carlos Roberto,Martinez,,,17742,1709413327.222389,eQe+qO9M8onX1w,team.staff
322850,José Luis,Serrano,Jose Luis,Serrano,,,17742,1709413327.222389,vZkM1bQcilHn0w,team.staff
322851,Carlos Henrique,Araujo,Carlos Henrique,Araujo,,,17742,1709413327.222389,nRB0aXep2afmWg,team.staff
322852,Pedro Enrique,Nieto,Pedro Enrique,Nieto,,,17742,1709413327.222389,3jh8OgNtqRJadg,team.staff
322853,Alejandro,Grisi,Alejandro,Grisi,,,17742,1709413327.222389,xuulFJcMM5wGfQ,team.staff
325597,Jorge Aldair,Zavaleta,Jorge Aldair,Zavaleta,,,17742,1709413327.222389,chdcmgYPdNHLEg,team.staff
325598,Arturo,Martínez,Arturo,Martinez,,,17742,1709413327.222389,kROcMDItEWktvg,team.staff
325599,MIguel de Jesus,Lupian,MIguel de Jesus,Lupian,,,17742,1709413327.222389,dm+gng67NFGFuA,team.staff
325600,Victor,Sabino Cruz,Victor,Sabino Cruz,,,17742,1709413327.222389,TdyTlnGBbAlcrA,team.staff
325601,Edgar Michel,Mares,Edgar Michel,Mares,,,17742,1709413327.222389,WQDOgqMUeJprow,team.staff
325602,Ergil Francis,Peláez,Ergil Francis,Pelaez,,,17742,1709413327.222389,SK5RP2l5nWc0KA,team.staff
325603,Ismael Isaac,Camarena,Ismael Isaac,Camarena,,,17742,1709413327.222389,u0twS6+bZFQJkQ,team.staff
325604,José Carlos,Quiroz,Jose Carlos,Quiroz,,,17742,1709413327.222389,bqMZhf3RWk2HJw,team.staff
325605,Manuel Eduardo,Angulo,Manuel Eduardo,Angulo,,,17742,1709413327.222389,6HR3Idxuj8FH0A,team.staff
325606,Marcos,Senado,Marcos,Senado,,,17742,1709413327.222389,zU+e0ulaSVQzlw,team.staff
325607,Omar,Najera,Omar,Najera,,,17742,1709413327.222389,2itwnokv7YWZ2Q,team.staff
325608,Sofía,Vázquez,Sofia,Vazquez,,,17742,1709413327.222389,yAY58f29lQZ1RQ,team.staff
492157,Andres,Montaño,Andres,Montano,20,,17742,1709413327.222389,lgPhzUfwp63uBg,
492158,Rafael,Fernández,Rafael,Fernandez,3,,17742,1709413327.222389,caXk8GZguuP4XA,
492159,Julio,González,Julio,Gonzalez,12,,17742,1709413327.222389,fpSyIQuisT4UyQ,
492160,Rodrigo,Huescas,Rodrigo,Huescas,18,,17742,1709413327.222389,h/3GdkkjphQJtw,
492161,Juan,Domínguez,Juan,Dominguez,17,,17742,1709413327.222389,Q0tlgG9pOjMGtA,
492162,Luis,Olivas,Luis,Olivas,15,,17742,1709413327.222389,9rf0qjrPPTGYXg,
322523,Néstor,Araujo,Nestor,Araujo,2,CB,17742,1709413327.222389,oUG30w/XQ2eIdA,
322541,César,Montes,Cesar,Montes,3,CB,17742,1709413327.222389,Ok2HInFYKjMtCQ,
322542,Héctor,Moreno,Hector,Moreno,15,CB,17742,1709413327.222389,mPi85PkTV3grBg,
322548,Johan,Vásquez,Johan,Vasquez,5,CB,17742,1709413327.222389,qPGMlfmCajj9LA,
492176,Alexis,Peña,Alexis,Pena,4,CB,17742,1709413327.222389,bLLnMJSGOiQxig,
492177,Jesús,Orozco,Jesus,Orozco,13,CB,17742,1709413327.222389,H8cmZLOuiEzWPg,
322534,Hirving,Lozano,Hirving,Lozano,22,CF,17742,1709413327.222389,PWt/7WUDt2j3Xg,
322549,Henry,Martín,Henry,Martin,20,CF,17742,1709413327.222389,8yrAnXX1mTYEfQ,
325223,Raúl,Jiménez,Raul,Jimenez,9,CF,17742,1709413327.222389,iPeK66/OP32lEg,
492164,Edgar,López,Edgar,Lopez,7,CF,17742,1709413327.222389,nDTGkAQo+8kfrg,
492170,Guillermo,Martínez,Guillermo,Martinez,9,CF,17742,1709413327.222389,Dd/u0I/1oCftAg,
322522,Edson,Álvarez,Edson,Alvarez,4,CM,17742,1709413327.222389,xWGwlaRfG/2aoA,
322525,Carlos Alberto,Rodríguez,Carlos Alberto,Rodriguez,8,CM,17742,1709413327.222389,2ZOGtRkcyjsPyA,
322535,Erick,Gutiérrez,Erick,Gutierrez,14,CM,17742,1709413327.222389,zFhGguakZ4QO3w,
322536,Luis,Chávez,Luis,Chavez,24,CM,17742,1709413327.222389,MeuIec6igez4NQ,
322543,Luis,Romo,Luis,Romo,7,CM,17742,1709413327.222389,zklI8o3v9D950Q,
322544,Andrés,Guardado,Andres,Guardado,18,CM,17742,1709413327.222389,p//sNqs3u1wDSw,
492165,Erik,Lira,Erik,Lira,6,CM,17742,1709413327.222389,HsFXENQcBXU2tQ,
492171,Omar,Govea,Omar,Govea,8,CM,17742,1709413327.222389,MRIxsuAknjsx9w,
492172,Rodrigo,López,Rodrigo,Lopez,14,CM,17742,1709413327.222389,L5XVkDp/gRKBpw,
322524,Guillermo,Ochoa,Guillermo,Ochoa,13,GK,17742,1709413327.222389,QAX9/tLM1skUaA,
322527,Alfredo,Talavera,Alfredo,Talavera,1,GK,17742,1709413327.222389,h6uZlFJ3rwEw/Q,
492178,Antonio,Rodríguez,Antonio,Rodriguez,1,GK,17742,1709413327.222389,U96U/mgWoINHAw,
322540,Jesús,Gallardo,Jesus,Gallardo,23,LB,17742,1709413327.222389,TwyrlD96qZ96PQ,
492167,Omar,Campos,Omar,Campos,2,LB,17742,1709413327.222389,2JMB+M7w8DIXbw,
492175,Brian,García,Brian,Garcia,23,LB,17742,1709413327.222389,u4eFWTgtILz+XA,
322529,Roberto,Alvarado,Roberto,Alvarado,25,LW,17742,1709413327.222389,pWGRX0JzTom+sw,
322530,Alexis,Vega,Alexis,Vega,10,LW,17742,1709413327.222389,MPd9bEUE+ahieg,
492166,Bryan,González,Bryan,Gonzalez,11,LW,17742,1709413327.222389,5nzV4HmI0vd8Og,
492169,César,Huerta,Cesar,Huerta,21,LW,17742,1709413327.222389,mf0BI8CrnpUzaA,
322521,Jorge,Sánchez,Jorge,Sanchez,19,RB,17742,1709413327.222389,xHgTp/IMW7HPDQ,
492174,Ricardo,Chávez,Ricardo,Chavez,5,RB,17742,1709413327.222389,d8UjeYN7g0hQsQ,
322526,Uriel,Antuna,Uriel,Antuna,21,RW,17742,1709413327.222389,hcFJebYd5FCAtA,
492168,Jordi,Cortizo,Jordi,Cortizo,19,RW,17742,1709413327.222389,KvI/nmgqXU7xFw,
322519,Orbelín,Pineda,Orbelin,Pineda,17,CAM,17742,1709413327.222389,kcwz5h67ykZ7cQ,
322539,Rogelio,Funes Mori,Rogelio,Funes Mori,11,CAM,17742,1709413327.222389,E5QmgEPkcTrI4Q,
492163,Alfonso,González,Alfonso,Gonzalez,10,CAM,17742,1709413327.222389,gAFFFYZbiIFMdw,
492173,Dieter,Villalpando,Dieter,Villalpando,22,CAM,17742,1709413327.222389,Etl+h/q2vJYvHg,
322531,Héctor,Herrera,Hector,Herrera,16,CDM,17742,1709413327.222389,QdtLZi1mmDi6Yg,
322538,Kevin,Álvarez,Kevin,Alvarez,26,RWB,17742,1709413327.222389,tpHny04s0sy9bA,
279645,Maxime,Crepeau,Maxime,Crepeau,16,,14620,1709413252.1855118,AgzBKS5p2H79RA,
279646,James,Pantemis,James,Pantemis,16,,14620,1709413252.1855118,p68kGr5I7uuKvw,
279846,Liam,Fraser,Liam,Fraser,8,,14620,1709413252.1855118,Lh6n5GB5fTlsxA,
279849,Dayne,St. Clair,Dayne,St. Clair,1,,14620,1709413252.1855118,Aslw6+cAnJyxSQ,
289326,Shane,Lammie,Shane,Lammie,,,14620,1709413252.1855118,u2GGK4VGiNe6mw,team.staff
328675,Joel,Waterman,Joel,Waterman,26,,14620,1709413252.1855118,4sdKuG9EuNuM/Q,
449188,Luc,De Fougerolles,Luc,De Fougerolles,13,,14620,1709413252.1855118,V94X0LT+tBcB4w,
449189,Moise,Bombito,Moise,Bombito,14,,14620,1709413252.1855118,XY+64FQZUNZLRw,
279637,Derek,Cornelius,Derek,Cornelius,15,CB,14620,1709413252.1855118,Wi8yJ4lQCHT8mA,
279643,Alistair,Johnston,Alistair,Johnston,2,CB,14620,1709413252.1855118,DF6ldYEpkb05ig,
279654,Kamal,Miller,Kamal,Miller,4,CB,14620,1709413252.1855118,RImO6oGBfX6Lkg,
279655,Steven,Vitoria,Steven,Vitoria,5,CB,14620,1709413252.1855118,XVNK837NImyMAw,
279635,Ike,Ugbo,Ike,Ugbo,12,CF,14620,1709413252.1855118,L9vcN5qzr1Q5Wg,
279636,Lucas,Cavallini,Lucas,Cavallini,9,CF,14620,1709413252.1855118,DjVkUZJF40f4Hw,
279638,Cyle,Larin,Cyle,Larin,17,CF,14620,1709413252.1855118,8yG2tb7coPWgpw,
279647,Jonathan,David,Jonathan,David,20,CF,14620,1709413252.1855118,L0+T7qcgH9Ec0g,
279648,Alphonso,Davies,Alphonso,Davies,19,CF,14620,1709413252.1855118,rjth7/Ry83Twaw,
449185,Charles,Andreas Brym,Charles,Andreas Brym,23,CF,14620,1709413252.1855118,7YYe3tn54aIanQ,
279639,Atiba,Hutchinson,Atiba,Hutchinson,13,CM,14620,1709413252.1855118,wqEKj76oOj2tBQ,
279640,Jonathan,Osorio,Jonathan,Osorio,21,CM,14620,1709413252.1855118,Hnl5vTLxjWelmQ,
279642,Samuel,Piette,Samuel,Piette,6,CM,14620,1709413252.1855118,jSSOK6wA6FjpMA,
279650,Mark-Anthony,Kaye,Mark-Anthony,Kaye,14,CM,14620,1709413252.1855118,TvqQ1Kh9kLRKEw,
279651,Stephen,Eustaquio,Stephen,Eustaquio,7,CM,14620,1709413252.1855118,T9oT2GZowTwxAg,
328674,Ismaël,Koné,Ismael,Kone,8,CM,14620,1709413252.1855118,Ra+cU93ah9qSEg,
449186,Mathieu,Choiniere,Mathieu,Choiniere,11,CM,14620,1709413252.1855118,l9Ij+Om56smx8Q,
449187,Harry,Paton,Harry,Paton,12,CM,14620,1709413252.1855118,xF02IA/IqZ8h8w,
279657,Milan,Borjan,Milan,Borjan,18,GK,14620,1709413252.1855118,bDCR42KbvdhzDg,
279656,Richie,Laryea,Richie,Laryea,22,LB,14620,1709413252.1855118,bXT81X0s18vihA,
279641,David,Wotherspoon,David,Wotherspoon,24,LM,14620,1709413252.1855118,RAGmFEVc2F6sHw,
279649,Liam,Millar,Liam,Millar,9,LW,14620,1709413252.1855118,evs/AcBdEop1Ow,
279652,Tajon,Buchanan,Tajon,Buchanan,11,RW,14620,1709413252.1855118,DeHavH1oMEFLdQ,
279845,Junior,Hoilett,Junior,Hoilett,10,CAM,14620,1709413252.1855118,LOXbPFXtiVjPeA,
279653,Sam,Adekugbe,Sam,Adekugbe,3,LWB,14620,1709413252.1855118,YC/JoiQmVIEZLA,
279712,Juan Pablo,Vargas,Juan Pablo,Vargas,3,CB,14680,1709413318.850687,z3esxLgYQ8vumg,
279723,Kendall,Waston,Kendall,Waston,19,CB,14680,1709413318.850687,kpCD0Z3Ta4Qqlw,
279724,Francisco,Calvo,Francisco,Calvo,15,CB,14680,1709413318.850687,4DgKEv9hJvybhQ,
309141,Óscar,Duarte,Oscar,Duarte,6,CB,14680,1709413318.850687,8k9PkzZM4m555w,
279716,Anthony,Contreras,Anthony,Contreras,7,CF,14680,1709413318.850687,vAhV5WNEwAaxYA,
279717,Johan,Venegas,Johan,Venegas,11,CF,14680,1709413318.850687,C0ozVSAJwAFGuQ,
279718,Joel,Campbell,Joel,Campbell,12,CF,14680,1709413318.850687,Ki47aHIOqN11MQ,
279707,Brandon,Aguilera,Brandon,Aguilera,20,CM,14680,1709413318.850687,zsiG1+E5Bz+68Q,
279708,Yeltsin,Tejeda,Yeltsin,Tejeda,17,CM,14680,1709413318.850687,cxucUmM1KBujVA,
279710,Daniel,Chacón Salas,Daniel,Chacon Salas,2,CM,14680,1709413318.850687,7UWZQS9miD3vUw,
279720,Celso,Borges,Celso,Borges,5,CM,14680,1709413318.850687,qk46j0qv8zF8ng,
309135,Douglas,Lopez,Douglas,Lopez,21,CM,14680,1709413318.850687,dcnNekhjriarDg,
309138,Roan,Wilson,Roan,Wilson,24,CM,14680,1709413318.850687,YOyfHGpaox6uXA,
328655,Youstin,Salas,Youstin,Salas,14,CM,14680,1709413318.850687,KhTBQBbHM5V9Xw,
279714,Esteban,Alvarado,Esteban,Alvarado,18,GK,14680,1709413318.850687,U1WfnZB8zQk/GQ,
279726,Keylor,Navas,Keylor,Navas,1,GK,14680,1709413318.850687,4d5XybbO0wBjXw,
309136,Patrick,Sequeira,Patrick,Sequeira,23,GK,14680,1709413318.850687,Yfx4ku2ogvtWiw,
279711,Bryan,Oviedo,Bryan,Oviedo,8,LB,14680,1709413318.850687,TG+xNsh2xU/P9Q,
279709,Jewison,Bennette,Jewison,Bennette,9,LM,14680,1709413318.850687,gEmwotqt8/cMlQ,
279705,Bryan,Ruiz,Bryan,Ruiz,10,LW,14680,1709413318.850687,KI2josaXDknAyg,
279713,Carlos,Martinez,Carlos,Martinez,16,RB,14680,1709413318.850687,5ucgUQLaX8w63A,
279721,Gerson,Torres,Gerson,Torres,13,RM,14680,1709413318.850687,QCGf0gxnCHlQXg,
309134,Anthony,Hernandez,Anthony,Hernandez,25,RM,14680,1709413318.850687,Pjk10tDK7VhwMw,
309133,Alvaro,Zamora,Alvaro,Zamora,26,RW,14680,1709413318.850687,fchfB/SMaeI/oQ,
279722,Ronaldo,Matarrita,Ronaldo,Matarrita,22,LWB,14680,1709413318.850687,3J9+YJN573R1Dg,
279725,Keysher,Fuller,Keysher,Fuller,4,RWB,14680,1709413318.850687,HYfpqBZZZgdSGQ,
327947,Alilou,Issa,Alilou,Issa,,,17869,1709413346.234764,59FYbXg8VW1eRg,team.staff
327948,Adrien,Tarascon,Adrien,Tarascon,,,17869,1709413346.234764,iRcLDoO0+xfLnw,team.staff
328115,Thomas,Deng,Thomas,Deng,2,,17869,1709413346.234764,OFmeYuCZI9D51w,
453343,Patrick,Yazbek,Patrick,Yazbek,24,,17869,1709413346.234764,696AOiN0ABce3Q,
487791,Kusini,Yengi,Kusini,Yengi,10,,17869,1709413346.234764,9fb1w4VFsDQ0iw,
487792,Joe,Gauci,Joe,Gauci,18,,17869,1709413346.234764,uPbQJtAt7ed1rw,
487793,John,Iredale,John,Iredale,26,,17869,1709413346.234764,baufoOWcfcLf8w,
487798,Lawrence,Thomas,Lawrence,Thomas,12,,17869,1709413346.234764,r2Ya4jvy0gejPw,
327491,Bailey,Wright,Bailey,Wright,8,CB,17869,1709413346.234764,2zibrTati6hUPQ,
327515,Kye,Rowles,Kye,Rowles,4,CB,17869,1709413346.234764,N48LvcVFehNlKw,
328116,Harry,Souttar,Harry,Souttar,19,CB,17869,1709413346.234764,PxJKTIXCAe3u/Q,
453348,Cameron,Burgess,Cameron,Burgess,21,CB,17869,1709413346.234764,Tm2yL0I0wrNjgw,
453350,Alessandro,Circati,Alessandro,Circati,23,CB,17869,1709413346.234764,osO1PL0GewSKfw,
327490,Mitch,Duke,Mitch,Duke,15,CF,17869,1709413346.234764,Lj/Ol640wJh1HA,
327505,Bruno,Fornaroli,Bruno,Fornaroli,9,CF,17869,1709413346.234764,aPW9p2ALcCnTLQ,
327511,Riley,McGree,Riley,McGree,14,CF,17869,1709413346.234764,D3cO/jWyHUK19A,
327493,Connor,Metcalfe,Connor,Metcalfe,8,CM,17869,1709413346.234764,Taba4Lp+uAb0SA,
327514,Jackson,Irvine,Jackson,Irvine,22,CM,17869,1709413346.234764,X/iM0HXIsbhW8Q,
327516,Aaron,Mooy,Aaron,Mooy,13,CM,17869,1709413346.234764,ugUt6NK54SuaKQ,
328113,Keanu,Baccus,Keanu,Baccus,17,CM,17869,1709413346.234764,fMFNtbGKe++qxg,
453344,Aiden,O'Neill,Aiden,O'Neill,13,CM,17869,1709413346.234764,t7WzUWgcMjKcuQ,
327509,Mathew,Ryan,Mathew,Ryan,1,GK,17869,1709413346.234764,Y40eH7dn6qXI9w,
327502,Aziz,Behich,Aziz,Behich,16,LB,17869,1709413346.234764,xKcKyCKXks3yjg,
327510,Craig,Goodwin,Craig,Goodwin,23,LM,17869,1709413346.234764,bCQca9PsIeBa6Q,
327489,Marco,Tilio,Marco,Tilio,11,LW,17869,1709413346.234764,ZHzP+v3TdaVFFg,
453353,Jordan,Bos,Jordan,Bos,5,LW,17869,1709413346.234764,a4xkJZGMfIL24g,
327508,Nathaniel,Atkinson,Nathaniel,Atkinson,3,RB,17869,1709413346.234764,oI5TYpgxqfQcGQ,
453345,Ryan,Strain,Ryan,Strain,13,RB,17869,1709413346.234764,0z758J1ubF+iWA,
453352,Lewis,Miller,Lewis,Miller,20,RB,17869,1709413346.234764,4jTVQrNphQjm1g,
487797,Gethin,Jones,Gethin,Jones,25,RB,17869,1709413346.234764,S9JkRA5DYX+vkQ,
327506,Martin,Boyle,Martin,Boyle,6,RW,17869,1709413346.234764,HX8jdwPxsC8xng,
453347,Sam,Silvera,Sam,Silvera,7,RW,17869,1709413346.234764,vG9scTd//VM3Cw,
280450,Marquinhos,"",Marquinhos,"",4,CB,14622,1709413291.903959,cIemCYZzPd0yjQ,
327919,Bremer,"",Bremer,"",24,CB,14622,1709413291.903959,7vVauyyxQkxbZQ,
280444,Richarlison,"",Richarlison,"",9,CF,14622,1709413291.903959,xUlrC/4+mav9TQ,
327918,Pedro,"",Pedro,"",25,CF,14622,1709413291.903959,WUyb83+wVxUphg,
280445,Fred,"",Fred,"",8,CM,14622,1709413291.903959,6ZFtXy8yfT9Oog,
280441,Alisson,"",Alisson,"",1,GK,14622,1709413291.903959,mU4zCZSAMwmQRg,
280452,Weverton,"",Weverton,"",12,GK,14622,1709413291.903959,RLqLK1xJ+SRzHg,
327924,Ederson,"",Ederson,"",23,GK,14622,1709413291.903959,HKNR3uVSMYCuPA,
327923,Danilo,"",Danilo,"",2,LB,14622,1709413291.903959,d8tKyU2rbWRV6A,
280433,Vinicius Jr,"",Vinicius Jr,"",20,LW,14622,1709413291.903959,0nzjupp2pi6rhw,
280442,Raphinha,"",Raphinha,"",19,RW,14622,1709413291.903959,T0+xMpyou4pkBA,
327921,Antony,"",Antony,"",19,RW,14622,1709413291.903959,pxvruF5BsGl4Xw,
280431,Rodrygo,"",Rodrygo,"",23,CAM,14622,1709413291.903959,mhX7w7Avd5ViQw,
280443,Neymar Jr,"",Neymar Jr,"",10,CAM,14622,1709413291.903959,3YvBiX5oYNKsrA,
280436,Fabinho,"",Fabinho,"",15,CDM,14622,1709413291.903959,NHpwAX63Jv6RcQ,
280447,Casemiro,"",Casemiro,"",5,CDM,14622,1709413291.903959,D+2yZgXrvsN3XQ,
280448,Dani,Alves,Dani,Alves,13,RB,14622,1709413291.903959,EmAS8ljVyw3i1w,
280434,Gabriel,Jesus,Gabriel,Jesus,18,CF,14622,1709413291.903959,l3G0ebzaFuGF6w,
280451,Thiago,Silva,Thiago,Silva,3,CB,14622,1709413291.903959,Fr9/Lyd8UgWdBQ,
280449,Alex,Sandro,Alex,Sandro,6,LB,14622,1709413291.903959,0p/NsW2iQjiOPg,
280438,Alex,Telles,Alex,Telles,16,LB,14622,1709413291.903959,koQzlhNzWyHVNw,
327922,Éder,Militão,Eder,Militao,14,RB,14622,1709413291.903959,1BmiHXX8Qj/ArQ,
280446,Lucas,Paqueta,Lucas,Paqueta,7,CM,14622,1709413291.903959,b/Um4Yt7H+Szkg,
327920,Éverton,Ribeiro,Everton,Ribeiro,22,CM,14622,1709413291.903959,O6L/sYSNLGjsSg,
280435,Bruno,Guimaraes,Bruno,Guimaraes,17,CM,14622,1709413291.903959,Wg2DZSTyoZV5ug,
280453,Gabriel,Martinelli,Gabriel,Martinelli,26,LW,14622,1709413291.903959,0BEqf5T8DZtamg,
328119,Seifeddine,Jaziri,Seifeddine,Jaziri,19,,14619,1709413242.7105029,WO2rYN1TaOvyLQ,
328135,Bilel,Ifa,Bilel,Ifa,2,,14619,1709413242.7105029,8Mho3HVZ2k2A2Q,
328140,Aymen,Mathlouthi,Aymen,Mathlouthi,1,,14619,1709413242.7105029,RDOdPeku2Wh9ng,
328142,Bechir,Ben Said,Bechir,Ben Said,22,,14619,1709413242.7105029,ZrmBlD/uJQAtug,
449127,Alaa,Gharam,Alaa,Gharam,5,,14619,1709413242.7105029,8qzl2Ir0DpWfWg,
328136,Nader,Ghandri,Nader,Ghandri,5,CB,14619,1709413242.7105029,S/2a2Dpn/53gGg,
328137,Yassine,Meriah,Yassine,Meriah,4,CB,14619,1709413242.7105029,5kyjxrKG4n/cqQ,
328138,Dylan,Bronn,Dylan,Bronn,6,CB,14619,1709413242.7105029,ABIL0VtCSoWYJA,
328139,Montassar,Talbi,Montassar,Talbi,3,CB,14619,1709413242.7105029,jakFoWOUx5vHdw,
449123,Oussama,Haddadi,Oussama,Haddadi,25,CB,14619,1709413242.7105029,4cKq3ipGbzhyAQ,
449128,Yan,Valery,Yan,Valery,2,CB,14619,1709413242.7105029,moewlzvxW7ag4Q,
328118,Taha Yassine,Khenissi,Taha Yassine,Khenissi,11,CF,14619,1709413242.7105029,J5W+nZy3+oumAQ,
328121,Issam,Jebali,Issam,Jebali,9,CF,14619,1709413242.7105029,y0Pvlcn+oFsbSA,
449124,Haithem,Jouini,Haithem,Jouini,19,CF,14619,1709413242.7105029,E88Nq44Nf7sjQQ,
328120,Wahbi,Khazri,Wahbi,Khazri,10,CM,14619,1709413242.7105029,/J7bcZih2OBIuA,
328126,Ferjani,Sassi,Ferjani,Sassi,13,CM,14619,1709413242.7105029,K/lpQkAYhStxdw,
328129,Aïssa,Laïdouni,Aissa,Laidouni,14,CM,14619,1709413242.7105029,vDXlo27QNyOnpw,
328130,Ellyes,Skhiri,Ellyes,Skhiri,17,CM,14619,1709413242.7105029,OdKM8Mi9rwvgGw,
328141,Mouez,Hassen,Mouez,Hassen,1,GK,14619,1709413242.7105029,kLKpinDP1dLiBg,
328143,Aymen,Dahmen,Aymen,Dahmen,16,GK,14619,1709413242.7105029,Kj5j4D8/ICw+8w,
328127,Mohamed Ali,Ben Romdhane,Mohamed Ali,Ben Romdhane,15,LF,14619,1709413242.7105029,yj6Q5/ibQhG3Pw,
328122,Youssef,Msakni,Youssef,Msakni,7,LW,14619,1709413242.7105029,DJOb2XdjdPPK4Q,
328123,Naïm,Sliti,Naim,Sliti,23,LW,14619,1709413242.7105029,hctMXGPIWfrW5w,
449122,Elias,Achouri,Elias,Achouri,11,LW,14619,1709413242.7105029,GSQYjr4B25boGg,
328125,Ghaylen,Chaaleli,Ghaylen,Chaaleli,18,RF,14619,1709413242.7105029,JEz8bTBQiQJ5vw,
328124,Hannibal,Mejbri,Hannibal,Mejbri,10,RW,14619,1709413242.7105029,QOSUoRaHdoDmWQ,
328128,Anis,Slimane,Anis,Slimane,8,RW,14619,1709413242.7105029,X/MN7Pm9/D1OEw,
449125,Sayfallah,Ltaief,Sayfallah,Ltaief,18,RW,14619,1709413242.7105029,cHWVVtGzc1VpeQ,
449126,Hamza,Rafia,Hamza,Rafia,6,RW,14619,1709413242.7105029,0/tsdKORsC5b2A,
328133,Ali,Abdi,Ali,Abdi,13,LWB,14619,1709413242.7105029,0t8C1lbdZaWw1g,
328134,Ali,Maâloul,Ali,Maaloul,12,LWB,14619,1709413242.7105029,Bxh6sabHkePAWw,
328131,Wajdi,Kechrida,Wajdi,Kechrida,21,RWB,14619,1709413242.7105029,cf7nKmZuGvFE4A,
328132,Mohamed,Dräger,Mohamed,Drager,20,RWB,14619,1709413242.7105029,5Oz1jyObdUFwWQ,
328435,Geronimo,Rulli,Geronimo,Rulli,12,,14618,1709413234.414154,uc5Hz+VYfFuyrA,
328437,Franco,Armani,Franco,Armani,1,,14618,1709413234.414154,mB5j4HYHwHdbaQ,
328428,Lisandro,Martinez,Lisandro,Martinez,25,CB,14618,1709413234.414154,aoN8uH7nwU/uRA,
328429,Nicolas,Otamendi,Nicolas,Otamendi,19,CB,14618,1709413234.414154,e4k+wb3C/fzGLA,
328430,Cristian,Romero,Cristian,Romero,13,CB,14618,1709413234.414154,6CmNpUAhSn08nw,
328431,German,Pezzella,German,Pezzella,6,CB,14618,1709413234.414154,CHQwJ7HmZVsd9A,
328438,Lautaro,Martinez,Lautaro,Martinez,22,CF,14618,1709413234.414154,AzUIxMG0dQfy6A,
328439,Paulo,Dybala,Paulo,Dybala,21,CF,14618,1709413234.414154,YRCapjycxdO60g,
328442,Lionel,Messi,Lionel,Messi,10,CF,14618,1709413234.414154,gsGSv94SSMfyQQ,
328443,Julian,Alvarez,Julian,Alvarez,9,CF,14618,1709413234.414154,QjqTNwCbWLtFGA,
328440,Angel,Correa,Angel,Correa,15,CM,14618,1709413234.414154,TD3wA5cHVvA5lQ,
328445,Alexis,Mac Allister,Alexis,Mac Allister,20,CM,14618,1709413234.414154,TIz6HkFatBx0Zw,
328446,Guido,Rodriguez,Guido,Rodriguez,18,CM,14618,1709413234.414154,QsmEgqsuUYEbcA,
328448,Thiago,Almada,Thiago,Almada,16,CM,14618,1709413234.414154,Ay/BS0tJ8eH35w,
328449,Exequiel,Palacios,Exequiel,Palacios,14,CM,14618,1709413234.414154,xYQgGtx513pwrQ,
328451,Rodrigo,De Paul,Rodrigo,De Paul,7,CM,14618,1709413234.414154,tCD8jBsCiiuAYw,
328452,Leandro,Paredes,Leandro,Paredes,5,CM,14618,1709413234.414154,FKltl1l4MT1OIQ,
328436,Damian,Martinez,Damian,Martinez,23,GK,14618,1709413234.414154,atlPcLgkS6m7gg,
328433,Nicolas,Tagliafico,Nicolas,Tagliafico,3,LB,14618,1709413234.414154,uSNCE/uV8OWS7w,
328450,Marcos,Acuna,Marcos,Acuna,8,LB,14618,1709413234.414154,QuGy90vQZTG8oA,
328447,Alejandro,Gomez,Alejandro,Gomez,17,LM,14618,1709413234.414154,7dt/IV5Tg2PtVg,
328427,Nahuel,Molina,Nahuel,Molina,26,RB,14618,1709413234.414154,YSmFp3nchWSeNA,
328432,Gonzalo,Montiel,Gonzalo,Montiel,4,RB,14618,1709413234.414154,c53SMPNN+Es3jQ,
328441,Angel,Di Maria,Angel,Di Maria,11,RW,14618,1709413234.414154,E/uRgIsKz+Mn2g,
328444,Enzo,Fernandez,Enzo,Fernandez,24,CDM,14618,1709413234.414154,Ifu5ZaidkBRigA,
328434,Juan,Foyth,Juan,Foyth,2,RWB,14618,1709413234.414154,kG57KlC5+PSTnw,
324337,Joe,Scally,Joe,Scally,26,,14617,1709413225.049696,eU0OEq0DUoH5Wg,
324342,Sean,Johnson,Sean,Johnson,25,,14617,1709413225.049696,LR6pwJUTPefAFA,
324343,Ethan,Horvath,Ethan,Horvath,12,,14617,1709413225.049696,lq6ayZAox/Eq3A,
328029,Cristian,Roldan,Cristian,Roldan,17,,14617,1709413225.049696,97szApwUNwQ8GQ,
324327,Aaron,Long,Aaron,Long,15,CB,14617,1709413225.049696,JDVABl8ckOk2Xw,
324328,Walker,Zimmerman,Walker,Zimmerman,3,CB,14617,1709413225.049696,YCxe8f9JiEY0PQ,
328028,Tim,Ream,Tim,Ream,13,CB,14617,1709413225.049696,tI37A5YQikMpuw,
328032,Cameron,Carter-Vickers,Cameron,Carter-Vickers,20,CB,14617,1709413225.049696,xQ/TfPJV/qajVQ,
324319,Jesus,Ferreira,Jesus,Ferreira,9,CF,14617,1709413225.049696,F0uMX8PIpwRESg,
324321,Giovanni,Reyna,Giovanni,Reyna,7,CF,14617,1709413225.049696,iExcp+edVuvLCA,
324330,Josh,Sargent,Josh,Sargent,24,CF,14617,1709413225.049696,fkLEUJbC2tHmig,
328030,Haji,Wright,Haji,Wright,19,CF,14617,1709413225.049696,qw3p+t6OCEVE+w,
324322,Luca,de la Torre,Luca,de la Torre,14,CM,14617,1709413225.049696,AG/MX8kYK8qKvQ,
324323,Weston,McKennie,Weston,McKennie,8,CM,14617,1709413225.049696,XZk7sZTo/MwI6w,
324336,Kellyn,Acosta,Kellyn,Acosta,23,CM,14617,1709413225.049696,Yqh9YH08q85naA,
328014,Yunus,Musah,Yunus,Musah,6,CM,14617,1709413225.049696,ZdYOo37KVYmaRg,
324329,Matt,Turner,Matt,Turner,1,GK,14617,1709413225.049696,Ig1txeq6zxCWjA,
328026,Antonee,Robinson,Antonee,Robinson,5,LB,14617,1709413225.049696,MdjzOZIGaM04rg,
328027,Christian,Pulisic,Christian,Pulisic,10,LW,14617,1709413225.049696,gVQ4egJ2BtZocg,
324325,Sergino,Dest,Sergino,Dest,2,RB,14617,1709413225.049696,l0u3AWvjLp5PgA,
324338,DeAndre,Yedlin,DeAndre,Yedlin,22,RB,14617,1709413225.049696,CLK8TgJHS89lRA,
328031,Shaq,Moore,Shaq,Moore,18,RB,14617,1709413225.049696,mVEZ1d101Yhjyg,
324320,Brenden,Aaronson,Brenden,Aaronson,11,RW,14617,1709413225.049696,U10NeYyxGeZ/ng,
324333,Jordan,Morris,Jordan,Morris,16,RW,14617,1709413225.049696,JTBf9uomHtYF/A,
328033,Timothy,Weah,Timothy,Weah,21,RW,14617,1709413225.049696,PVQNVoMP56KTYw,
324324,Tyler,Adams,Tyler,Adams,4,CDM,14617,1709413225.049696,qqsCnmdnofvubw,
328702,Ivica,Ivusic,Ivica,Ivusic,23,,14621,1709413261.62548,qo2PorvfYzKE8Q,
405647,Petar,Musa,Petar,Musa,18,,14621,1709413261.62548,21vrGvsHImK6rw,
405648,Dion,Drena Beljo,Dion,Drena Beljo,20,,14621,1709413261.62548,CXCk/9fIQQjk/A,
405649,Nediljko,Labrović,Nediljko,Labrovic,12,,14621,1709413261.62548,tuyOQubx4A7JeA,
328696,Domagoj,Vida,Domagoj,Vida,21,CB,14621,1709413261.62548,fvVduCVX4C5JHg,
328698,Martin,Erlic,Martin,Erlic,5,CB,14621,1709413261.62548,XOPNIcsEqX5Mwg,
328699,Josip,Sutalo,Josip,Sutalo,6,CB,14621,1709413261.62548,yosHAUHendMDBw,
328679,Bruno,Petkovic,Bruno,Petkovic,17,CF,14621,1709413261.62548,tyki4dzTfMyt/A,
328681,Andrej,Kramaric,Andrej,Kramaric,9,CF,14621,1709413261.62548,QWu8c+Jy5VUWKw,
328684,Lovro,Majer,Lovro,Majer,7,CM,14621,1709413261.62548,cVkavGH3gTw2pA,
328687,Luka,Modric,Luka,Modric,10,CM,14621,1709413261.62548,L+5mF34DjQhv9Q,
328689,Mateo,Kovacic,Mateo,Kovacic,8,CM,14621,1709413261.62548,EWF2knz9IBPSbw,
328703,Dominik,Livakovic,Dominik,Livakovic,1,GK,14621,1709413261.62548,QC7DgBkwVLGRUQ,
328694,Borna,Barisic,Borna,Barisic,3,LB,14621,1709413261.62548,C3GIT5RaZNSH6A,
328695,Borna,Sosa,Borna,Sosa,19,LB,14621,1709413261.62548,1+f2G5ITtsxjaQ,
328686,Ivan,Perisic,Ivan,Perisic,14,LW,14621,1709413261.62548,CQbfkk09T0Hvxg,
405650,Luka,Ivanusec,Luka,Ivanusec,16,LW,14621,1709413261.62548,ehkgobuHYBWJwg,
328692,Josip,Juranovic,Josip,Juranovic,22,RB,14621,1709413261.62548,UTu8m0qoNvloTw,
328693,Josip,Stanisic,Josip,Stanisic,2,RB,14621,1709413261.62548,7Li74NbdWtquJQ,
328683,Nikola,Vlasic,Nikola,Vlasic,13,RW,14621,1709413261.62548,jVknXWvWXj7hIA,
328685,Mario,Pasalic,Mario,Pasalic,15,RW,14621,1709413261.62548,NXerXXFuCGqx7Q,
328691,Marcelo,Brozovic,Marcelo,Brozovic,11,CDM,14621,1709413261.62548,nLzVyrFTHRUQIw,
328034,Matt,Smith,Matt,Smith,26,,17868,1709413336.7250922,x6uZCgCiFTWrnA,
328036,Ben,Cabango,Ben,Cabango,24,,17868,1709413336.7250922,PYDlSGatQ9gYiA,
328037,Dylan,Levitt,Dylan,Levitt,23,,17868,1709413336.7250922,iBGY3JwcLjFyew,
328039,Adam,Davies,Adam,Davies,21,,17868,1709413336.7250922,4AjratUOQ6Zqxg,
328041,Mark,Harris,Mark,Harris,19,,17868,1709413336.7250922,/fOGWz0anXSeOQ,
328042,Jonathan,Williams,Jonathan,Williams,18,,17868,1709413336.7250922,Eflnw1dvtCWZcA,
328043,Tom,Lockyer,Tom,Lockyer,17,,17868,1709413336.7250922,t1Q+ZJl/83MVvw,
328058,Chris,Gunter,Chris,Gunter,2,,17868,1709413336.7250922,pGDOb938+ptuXw,
448084,Tom,King,Tom,King,1,,17868,1709413336.7250922,SRk+oPZtR9BrQA,
448085,Morgan,Fox,Morgan,Fox,2,,17868,1709413336.7250922,n7vIl0hEQTPAvA,
448088,Matondo,R,Matondo,R,11,,17868,1709413336.7250922,bZTFz49cu+aMFw,
448089,Tom,Bradshaw,Tom,Bradshaw,19,,17868,1709413336.7250922,1RhwOqgkJ3mACA,
328054,Joe,Rodon,Joe,Rodon,6,CB,17868,1709413336.7250922,OtZ3g51CMLhmwA,
328055,Chris,Mepham,Chris,Mepham,5,CB,17868,1709413336.7250922,GW/JwyhnaBup5Q,
328056,Ben,Davies,Ben,Davies,4,CB,17868,1709413336.7250922,F13UeByvKjdaIw,
328040,Daniel,James,Daniel,James,20,CF,17868,1709413336.7250922,fFyYRdXvwwkPBQ,
328047,Kieffer,Moore,Kieffer,Moore,13,CF,17868,1709413336.7250922,NkdXFQ2kPLN9rw,
328035,Rubin,Colwill,Rubin,Colwill,25,CM,17868,1709413336.7250922,nvpDgY5ki+e0Yw,
328038,Sorba,Thomas,Sorba,Thomas,22,CM,17868,1709413336.7250922,cI9oC8yqvPhxUw,
328044,Joe,Morrell,Joe,Morrell,16,CM,17868,1709413336.7250922,PfQJMNDfg9tREA,
328045,Ethan,Ampadu,Ethan,Ampadu,15,CM,17868,1709413336.7250922,sgkM83iPDt5xLQ,
328050,Aaron,Ramsey,Aaron,Ramsey,10,CM,17868,1709413336.7250922,hIiwicqhjlYWDQ,
328053,Joe,Allen,Joe,Allen,7,CM,17868,1709413336.7250922,7tm29cgxH++U3w,
448082,Jordan,James,Jordan,James,17,CM,17868,1709413336.7250922,QxGXJtVAaggGhA,
448093,Sheehan,J,Sheehan,J,22,CM,17868,1709413336.7250922,gq9n6QNdv6cC4A,
328048,Danny,Ward,Danny,Ward,12,GK,17868,1709413336.7250922,9pQm2YlC2C7PVQ,
328059,Wayne,Hennessey,Wayne,Hennessey,1,GK,17868,1709413336.7250922,ENProE7Z84/hOQ,
328052,Harry,Wilson,Harry,Wilson,8,LW,17868,1709413336.7250922,6NQ8FcXGWplyPw,
448083,Nathan,Broadhead,Nathan,Broadhead,23,LW,17868,1709413336.7250922,nvBC6K5eQeZWDg,
328051,Brennan,Johnson,Brennan,Johnson,9,RF,17868,1709413336.7250922,eeTCuHJO5XTpHA,
328049,Gareth,Bale,Gareth,Bale,11,RW,17868,1709413336.7250922,6IpaOu0YRsNcWQ,
448086,Brooks,D,Brooks,D,7,RW,17868,1709413336.7250922,3Qas9D4SeoCfHA,
328057,Neco,Williams,Neco,Williams,3,LWB,17868,1709413336.7250922,2EIc1Hoke/quXQ,
448090,Wes,Burns,Wes,Burns,20,LWB,17868,1709413336.7250922,TWyB0+W31oF+gw,
328046,Connor,Roberts,Connor,Roberts,14,RWB,17868,1709413336.7250922,hMBv52KBemY1Qg,
328508,Kamal,Sowah,Kamal,Sowah,24,,14624,1709413309.612031,7W40sqWotGB0GQ,
328509,Daniel,Afriyie Barnieh,Daniel,Afriyie Barnieh,13,,14624,1709413309.612031,dRL8fTAuPIYbhQ,
328514,Elisha,Owusu,Elisha,Owusu,6,,14624,1709413309.612031,biTBva5K8UGNQA,
328522,Joseph,Aidoo,Joseph,Aidoo,15,,14624,1709413309.612031,m7LK3QaTty51Gw,
328526,Ibrahim,Danlad,Ibrahim,Danlad,12,,14624,1709413309.612031,s7idyVslq748lA,
328527,Abdul,Manaf Nurudeen,Abdul,Manaf Nurudeen,16,,14624,1709413309.612031,PP8Chh2B6xCrDQ,
328523,Alexander,Djiku,Alexander,Djiku,23,CB,14624,1709413309.612031,ERzUDRZa4oyIDQ,
328524,Daniel,Amartey,Daniel,Amartey,18,CB,14624,1709413309.612031,o8i9quep313JOQ,
328525,Mohammed,Salisu,Mohammed,Salisu,4,CB,14624,1709413309.612031,Gn6/mnXB0KgaQw,
328505,Iñaki,Williams,Inaki,Williams,19,CF,14624,1709413309.612031,YL3b6pz2+VD9IA,
328507,Osman,Bukari,Osman,Bukari,11,CF,14624,1709413309.612031,RbiL5uNEQjHE6Q,
328512,Daniel-Kofi,Kyereh,Daniel-Kofi,Kyereh,8,CM,14624,1709413309.612031,Lh67qXAC9I45Eg,
328513,Mohammed,Kudus,Mohammed,Kudus,20,CM,14624,1709413309.612031,VgWbHzPu+XzPUA,
328515,Salis,Abdul Samed,Salis,Abdul Samed,21,CM,14624,1709413309.612031,tT2APZ9INnGBZA,
328516,Thomas,Partey,Thomas,Partey,5,CM,14624,1709413309.612031,2ZWQHdKlIxI1RQ,
328528,Lawrence Ati,Zigi,Lawrence Ati,Zigi,1,GK,14624,1709413309.612031,FMQfH0zGA4DPmg,
328520,Gideon,Mensah,Gideon,Mensah,14,LB,14624,1709413309.612031,KzyvBk5QCovkcg,
328504,Jordan,Ayew,Jordan,Ayew,9,LW,14624,1709413309.612031,japFoqf0+Q3l0g,
328511,Kamaldeen,Sulemana,Kamaldeen,Sulemana,22,LW,14624,1709413309.612031,9iUZ1OiJ+muXGg,
328506,Abdul Fatawu,Issahaku,Abdul Fatawu,Issahaku,7,RW,14624,1709413309.612031,fs3bKYzuEOBRbg,
328503,Antoine,Semenyo,Antoine,Semenyo,25,CAM,14624,1709413309.612031,Y6ZkmHaQwjUEfQ,
328510,André,Ayew,Andre,Ayew,10,CAM,14624,1709413309.612031,Pa214XtkUXq04w,
328519,Abdul-Rahman,Baba,Abdul-Rahman,Baba,17,LWB,14624,1709413309.612031,1jM8Wi4cNMKPkg,
328517,Denis,Odoi,Denis,Odoi,3,RWB,14624,1709413309.612031,gtf+jygiizFNpA,
328518,Tariq,Lamptey,Tariq,Lamptey,2,RWB,14624,1709413309.612031,cXBQSHLK1780Hg,
328521,Alidu,Seidu,Alidu,Seidu,26,RWB,14624,1709413309.612031,d9RVC1Qo/wzopQ,
327891,Uroš,Račić,Uros,Racic,19,,14623,1709413300.457851,V1mghFF/QgkdHQ,
327898,Predrag,Rajković,Predrag,Rajkovic,12,,14623,1709413300.457851,g1Qvnh70K0g66A,
327907,Strahinja,Eraković,Strahinja,Erakovic,3,,14623,1709413300.457851,dN/K3szFgw/yWg,
327909,Marko,Dmitrović,Marko,Dmitrovic,1,,14623,1709413300.457851,/EQxO44QZ6JTAw,
327895,Srdjan,Babic,Srdjan,Babic,15,CB,14623,1709413300.457851,yw/LLunoSWldxA,
327897,Stefan,Mitrović,Stefan,Mitrovic,13,CB,14623,1709413300.457851,ZQdRhutBeKD/mQ,
327905,Miloš,Veljković,Milos,Veljkovic,5,CB,14623,1709413300.457851,D9RK/OUO9QG1ow,
327906,Nikola,Milenković,Nikola,Milenkovic,4,CB,14623,1709413300.457851,dCbWfB5DPED9mg,
327908,Strahinja,Pavlovic,Strahinja,Pavlovic,2,CB,14623,1709413300.457851,luAemsKq52QxYg,
327892,Dušan,Vlahović,Dusan,Vlahovic,18,CF,14623,1709413300.457851,raOmJuFzcrtnlA,
327899,Luka,Jović,Luka,Jovic,11,CF,14623,1709413300.457851,oLH+78GF2qzPAQ,
327901,Aleksandar,Mitrović,Aleksandar,Mitrovic,9,CF,14623,1709413300.457851,+BsLF8C8hTxgaQ,
327884,Marko,Grujić,Marko,Grujic,26,CM,14623,1709413300.457851,qQQ181aG7FthEQ,
327886,Ivan,Ilić,Ivan,Ilic,24,CM,14623,1709413300.457851,0kdrBBY5K/EdJA,
327894,Saša,Lukić,Sasa,Lukic,16,CM,14623,1709413300.457851,WW/TDYBXmtadGg,
327902,Nemanja,Gudelj,Nemanja,Gudelj,8,CM,14623,1709413300.457851,tOr58atlptlSyg,
327904,Nemanja,Maksimović,Nemanja,Maksimovic,6,CM,14623,1709413300.457851,Mnqg8Hcdzm0uZQ,
327887,Vanja,Milinković-Savić,Vanja,Milinkovic-Savic,23,GK,14623,1709413300.457851,3j6faIEy3Pd3oQ,
327890,Sergej,Milinković-Savić,Sergej,Milinkovic-Savic,20,CAM,14623,1709413300.457851,gE4bx7J0Ku7MXQ,
327900,Dusan,Tadić,Dusan,Tadic,10,CAM,14623,1709413300.457851,zqQ6jAGYTF/MTw,
327885,Filip,Mladenovic,Filip,Mladenovic,25,LWB,14623,1709413300.457851,eTtNuPtftTtvgA,
327889,Filip,Djuricic,Filip,Djuricic,21,LWB,14623,1709413300.457851,Ncd4VCzsqOscMQ,
327893,Filip,Kostić,Filip,Kostic,17,LWB,14623,1709413300.457851,yMiQVynfT0sYiA,
327888,Darko,Lazović,Darko,Lazovic,22,RWB,14623,1709413300.457851,1WXVQQh5R8i4cw,
327896,Andrija,Zivkovic,Andrija,Zivkovic,14,RWB,14623,1709413300.457851,KVG85vMAvVzD2w,
327903,Nemanja,Radonjić,Nemanja,Radonjic,7,RWB,14623,1709413300.457851,+utI5CDYcySZEw,
